key,en,th,context,note
Achievement not found,Achievement not found,ไม่พบความสำเร็จนี้,AchievementService,
Achievements Unavailable,Achievements Unavailable,ระบบความสำเร็จยังไม่พร้อม,AchievementService,
Data not ready,Data not ready,ข้อมูลยังไม่พร้อม,AchievementService,
Invalid command,Invalid command,คำสั่งไม่ถูกต้อง,AchievementService,
Please wait,Please wait,กรุณารอสักครู่,AchievementService,
Reward already claimed,Reward already claimed,รับรางวัลไปแล้ว,AchievementService,
Success: {1} +{2} Gems • Unlock Title {3},Success: {1} +{2} Gems • Unlock Title {3},สำเร็จ: {1} +{2} เพชร • ปลดล็อกฉายา {3},AchievementService,
Title not unlocked,Title not unlocked,ยังไม่ได้ปลดล็อกฉายานี้,AchievementService,
Title removed,Title removed,ถอดฉายาแล้ว,AchievementService,
Title selected,Title selected,เลือกฉายาแล้ว,AchievementService,
VIP,VIP,VIP,AchievementService,
VIP • {1},VIP • {1},VIP • {1},AchievementService,
Bronze,Bronze,บรอนซ์,Arena,
Diamond,Diamond,ไดมอนด์,Arena,
Duel 1v1,Duel 1v1,ดวล 1v1,Arena,
Egg Heist,Egg Heist,ปล้นไข่,Arena,
Gold,Gold,ทอง,Arena,
Silver,Silver,เงิน,Arena,
Timber Clash,Timber Clash,ศึกโค่นไม้,Arena,
Arena,Arena,สนามประลอง,ArenaController,
Arena unavailable,Arena unavailable,สนามประลองยังไม่พร้อม,ArenaController,
Casual • Power capped,Casual • Power capped,ทั่วไป • จำกัดพลัง,ArenaController,
Choose a mode and wait at the portal,Choose a mode and wait at the portal,เลือกโหมดแล้วรอที่ประตูมิติ,ArenaController,
Chop Arena,Chop Arena,สนามประลอง Chop,ArenaController,
Chop Arena • {1} {2} RP • {3} Tokens,Chop Arena • {1} {2} RP • {3} Tokens,สนามประลอง Chop • {1} {2} RP • {3} โทเคน,ArenaController,
Could not reach the server,Could not reach the server,ติดต่อเซิร์ฟเวอร์ไม่ได้,ArenaController,
Currencies,Currencies,Currencies,ArenaController,
Frame,Frame,Frame,ArenaController,
Join,Join,เข้าร่วม,ArenaController,
Joining arena…,Joining arena…,กำลังเข้าสนามประลอง…,ArenaController,
Join{1},Join{1},Join{1},ArenaController,
Leave,Leave,ออก,ArenaController,
Leave Queue,Leave Queue,ออกจากคิว,ArenaController,
Queued for {1} • Waiting for players,Queued for {1} • Waiting for players,อยู่ในคิว {1} • รอผู้เล่น,ArenaController,
Ranked,Ranked,จัดอันดับ,ArenaController,
Ranked • Equal stats,Ranked • Equal stats,จัดอันดับ • ค่าสถานะเท่ากัน,ArenaController,
State,State,State,ArenaController,
{1} • {2} players,{1} • {2} players,{1} • ผู้เล่น {2} คน,ArenaController,
Arena Unavailable,Arena Unavailable,สนามประลองยังไม่พร้อม,ArenaService,
Arena not ready,Arena not ready,สนามประลองยังไม่พร้อม,ArenaService,
Arena transfer failed. Please queue again,Arena transfer failed. Please queue again,ย้ายไปสนามประลองไม่สำเร็จ กรุณาเข้าคิวใหม่,ArenaService,
Character not ready,Character not ready,ตัวละครยังไม่พร้อม,ArenaService,
Choose Mode,Choose Mode,เลือกโหมด,ArenaService,
Duel,Duel,ดวล,ArenaService,
"End your run, put down your egg and dismount first","End your run, put down your egg and dismount first",จบรอบ วางไข่ และลงจากสัตว์ขี่ก่อน,ArenaService,
Go to the Chop Arena portal first,Go to the Chop Arena portal first,ไปที่ประตูมิติสนามประลองก่อน,ArenaService,
Invalid mode,Invalid mode,โหมดไม่ถูกต้อง,ArenaService,
Joining arena,Joining arena,กำลังเข้าสนามประลอง,ArenaService,
Leave your current queue first,Leave your current queue first,ออกจากคิวปัจจุบันก่อน,ArenaService,
Left queue,Left queue,ออกจากคิวแล้ว,ArenaService,
Queue {1},Queue {1},คิว {1},ArenaService,
Canopy{1},Canopy{1},Canopy{1},BossService,
Cooldown,Cooldown,คูลดาวน์,BossService,
Defeat {1} First time! +{2} Gems — Visit the shrine,Defeat {1} First time! +{2} Gems — Visit the shrine,ปราบ {1} ครั้งแรก! +{2} เพชร — ไปที่ศาลเจ้า,BossService,
Defeat {1} complete! Received a Rare chest,Defeat {1} complete! Received a Rare chest,ปราบ {1} สำเร็จ! ได้รับหีบหายาก,BossService,
Hit,Hit,โจมตี,BossService,
Inactive,Inactive,ไม่ทำงาน,BossService,
Instance,Instance,Instance,BossService,
Out of range,Out of range,อยู่นอกระยะ,BossService,
Power too low,Power too low,พลังไม่พอ,BossService,
Rot Master,Rot Master,จ้าวแห่งความเน่า,BossService,
Zone locked,Zone locked,โซนยังล็อกอยู่,BossService,
Celestial Throne Chest,Celestial Throne Chest,หีบบัลลังก์สวรรค์,ChestBuilder,
Crystal Dragon Chest,Crystal Dragon Chest,หีบมังกรคริสตัล,ChestBuilder,
Gilded Gem Chest,Gilded Gem Chest,หีบอัญมณีทองคำ,ChestBuilder,
Mossy Oak Chest,Mossy Oak Chest,หีบไม้โอ๊กตะไคร่,ChestBuilder,
Runed Iron Chest,Runed Iron Chest,หีบเหล็กจารึกรูน,ChestBuilder,
Beam,Beam,Beam,ChestOpening,dev
Bolt,Bolt,Bolt,ChestOpening,dev
Burst,Burst,Burst,ChestOpening,dev
Charge,Charge,Charge,ChestOpening,dev
Compared with equipped: {1},Compared with equipped: {1},เทียบกับที่สวมใส่: {1},ChestOpening,
Core,Core,Core,ChestOpening,dev
Equip,Equip,สวมใส่,ChestOpening,
Full,Full,Full,ChestOpening,dev
GIANT,GIANT,ยักษ์,ChestOpening,manual
GIANT!,GIANT!,ยักษ์!,ChestOpening,
Giant {1},Giant {1},{1} ยักษ์,ChestOpening,
Intro,Intro,Intro,ChestOpening,dev
Keep,Keep,เก็บไว้,ChestOpening,
Keep All,Keep All,เก็บทั้งหมด,ChestOpening,
LEGENDARY!,LEGENDARY!,ตำนาน!,ChestOpening,
MYTHIC!,MYTHIC!,เทพนิยาย!,ChestOpening,
Mythic,Mythic,เทพนิยาย,ChestOpening,
NEW!,NEW!,ใหม่!,ChestOpening,
Open Again,Open Again,เปิดอีกครั้ง,ChestOpening,
Power {1},Power {1},พลัง {1},ChestOpening,
Results,Results,ผลลัพธ์,ChestOpening,
Result{1},Result{1},Result{1},ChestOpening,dev
Reveal,Reveal,Reveal,ChestOpening,dev
Shockwave,Shockwave,Shockwave,ChestOpening,dev
Skip,Skip,ข้าม,ChestOpening,
Skip All,Skip All,ข้ามทั้งหมด,ChestOpening,
Spark,Spark,Spark,ChestOpening,dev
{1} Chest,{1} Chest,หีบ{1},ChestOpening,
{1} • IL {2},{1} • IL {2},{1} • IL {2},ChestOpening,
Claim reward from {1} done,Claim reward from {1} done,รับรางวัลจาก {1} แล้ว,CodeService,
Code already redeemed,Code already redeemed,ใช้โค้ดนี้ไปแล้ว,CodeService,
Codes Unavailable,Codes Unavailable,ระบบโค้ดยังไม่พร้อม,CodeService,
Invalid or expired code,Invalid or expired code,โค้ดไม่ถูกต้องหรือหมดอายุ,CodeService,
Wait 1 sec before trying again,Wait 1 sec before trying again,รอ 1 วินาทีก่อนลองใหม่,CodeService,
Arena Tokens,Arena Tokens,โทเคนสนามประลอง,Currencies,
Rebirth Token,Rebirth Token,โทเคนเกิดใหม่,Currencies,
100 Gems + Chests Epic Lv.20,100 Gems + Chests Epic Lv.20,100 เพชร + หีบมหากาพย์ Lv.20,Daily,
20 Gems,20 Gems,20 เพชร,Daily,
30 Gems,30 Gems,30 เพชร,Daily,
50 Gems,50 Gems,50 เพชร,Daily,
75 Gems,75 Gems,75 เพชร,Daily,
Chests Rare Lv.5,Chests Rare Lv.5,หีบหายาก Lv.5,Daily,
Wood ×2 • 15 min,Wood ×2 • 15 min,ไม้ ×2 • 15 นาที,Daily,
Already claimed today. Return tomorrow (UTC),Already claimed today. Return tomorrow (UTC),วันนี้รับไปแล้ว กลับมาใหม่พรุ่งนี้ (UTC),DailyService,
Daily Unavailable,Daily Unavailable,รางวัลรายวันยังไม่พร้อม,DailyService,
Daily reward claimed: {1},Daily reward claimed: {1},รับรางวัลรายวัน: {1},DailyService,
Daily reward claimed: {1} + VIP {2} Gems,Daily reward claimed: {1} + VIP {2} Gems,รับรางวัลรายวัน: {1} + VIP {2} เพชร,DailyService,
 (Stored temporarily in this server; DataStore unavailable), (Stored temporarily in this server; DataStore unavailable), (เก็บไว้ชั่วคราวในเซิร์ฟเวอร์นี้ DataStore ใช้ไม่ได้),DataService,
Backed up {1}{2},Backed up {1}{2},สำรองข้อมูลแล้ว {1}{2},DataService,
Could not load your save. Please rejoin,Could not load your save. Please rejoin,โหลดเซฟไม่สำเร็จ กรุณาเข้าเกมใหม่,DataService,
Imported,Imported,นำเข้าแล้ว,DataService,
Invalid JSON,Invalid JSON,JSON ไม่ถูกต้อง,DataService,
Migrate Version {1},Migrate Version {1},อัปเดตเวอร์ชันเซฟ {1},DataService,
No backup yet,No backup yet,ยังไม่มีข้อมูลสำรอง,DataService,
Restored save from {1},Restored save from {1},กู้คืนเซฟจาก {1},DataService,
Your save is open in another session. Please rejoin,Your save is open in another session. Please rejoin,เซฟของคุณเปิดอยู่ในอีกเซสชัน กรุณาเข้าเกมใหม่,DataService,
Bench,Bench,ม้านั่ง,Decor,
Festive Pine,Festive Pine,ต้นสนเทศกาล,Decor,
Flower Bed,Flower Bed,แปลงดอกไม้,Decor,
Guardian Trophy,Guardian Trophy,ถ้วยรางวัลผู้พิทักษ์,Decor,
Ice Crystal,Ice Crystal,คริสตัลน้ำแข็ง,Decor,
Lamp Post,Lamp Post,เสาไฟ,Decor,
Leaf Krathong,Leaf Krathong,กระทงใบตอง,Decor,
Mini Maple,Mini Maple,เมเปิลจิ๋ว,Decor,
Mini Sakura,Mini Sakura,ซากุระจิ๋ว,Decor,
Path Stones,Path Stones,ทางเดินหิน,Decor,
Pumpkin Lantern,Pumpkin Lantern,โคมฟักทอง,Decor,
Round Bush,Round Bush,พุ่มไม้กลม,Decor,
Water Gun Stand,Water Gun Stand,แผงปืนฉีดน้ำ,Decor,
Wood Fence,Wood Fence,รั้วไม้,Decor,
Available only during the festival,Available only during the festival,มีเฉพาะช่วงเทศกาล,DecorService,
Base liked,Base liked,กดไลก์ฐานแล้ว,DecorService,
Base unavailable,Base unavailable,ฐานนี้ใช้ไม่ได้ตอนนี้,DecorService,
Decor,Decor,ของตกแต่ง,DecorService,
Decorations unavailable,Decorations unavailable,ระบบตกแต่งยังไม่พร้อม,DecorService,
Item not owned,Item not owned,ยังไม่มีไอเทมนี้,DecorService,
Like Base,Like Base,ไลก์ฐาน,DecorService,
Place {1} done,Place {1} done,วาง {1} แล้ว,DecorService,
Placement limit {1} items,Placement limit {1} items,วางได้สูงสุด {1} ชิ้น,DecorService,
Rotated,Rotated,หมุนแล้ว,DecorService,
Slot already occupied,Slot already occupied,ช่องนี้มีของแล้ว,DecorService,
Stand near your decoration first,Stand near your decoration first,ยืนใกล้ของตกแต่งก่อน,DecorService,
Stand on your own base floor first,Stand on your own base floor first,ยืนบนพื้นฐานของคุณก่อน,DecorService,
Stored. Refunded {1} Wood,Stored. Refunded {1} Wood,เก็บแล้ว คืน {1} ไม้,DecorService,
Unlock by lighting the shrine in zone {1},Unlock by lighting the shrine in zone {1},ปลดล็อกด้วยการจุดศาลเจ้าในโซน {1},DecorService,
Walk to that base first,Walk to that base first,เดินไปที่ฐานนั้นก่อน,DecorService,
Wood Not enough,Wood Not enough,ไม้ไม่พอ,DecorService,
You already liked this base today,You already liked this base today,วันนี้คุณไลก์ฐานนี้ไปแล้ว,DecorService,
You cannot like your own base,You cannot like your own base,ไลก์ฐานของตัวเองไม่ได้,DecorService,
{1} liked your base!,{1} liked your base!,{1} ไลก์ฐานของคุณ!,DecorService,
Aurora Egg,Aurora Egg,ไข่ออโรรา,Eggs,config
Bloodmoon Egg,Bloodmoon Egg,ไข่พระจันทร์สีเลือด,Eggs,config
Celestial Egg,Celestial Egg,ไข่สวรรค์,Eggs,config
Crystal Egg,Crystal Egg,ไข่คริสตัล,Eggs,config
Frost Egg,Frost Egg,ไข่น้ำแข็ง,Eggs,config
Leaf Egg,Leaf Egg,ไข่ใบไม้,Eggs,config
Meadow Egg,Meadow Egg,ไข่ทุ่งหญ้า,Eggs,config
Mist Egg,Mist Egg,ไข่หมอก,Eggs,config
Petal Egg,Petal Egg,ไข่กลีบซากุระ,Eggs,config
Spore Egg,Spore Egg,ไข่สปอร์,Eggs,config
Starlit Egg,Starlit Egg,ไข่แสงดาว,Eggs,config
Sunburst Egg,Sunburst Egg,ไข่แสงตะวัน,Eggs,config
Thunder Egg,Thunder Egg,ไข่สายฟ้า,Eggs,config
Anime,Anime,อนิเมะ,EmoteController,
CHOP A TREE,CHOP A TREE,CHOP A TREE,EmoteController,
Cheer,Cheer,เชียร์,EmoteController,
Dance,Dance,เต้น,EmoteController,
Dance 2,Dance 2,เต้น 2,EmoteController,
Emotes (G),Emotes (G),อีโมต (G),EmoteController,
Exit,Exit,ออก,EmoteController,
Filter{1},Filter{1},Filter{1},EmoteController,
Laugh,Laugh,หัวเราะ,EmoteController,
Night,Night,กลางคืน,EmoteController,
Normal,Normal,ปกติ,EmoteController,
Photo (P),Photo (P),ถ่ายรูป (P),EmoteController,
Sepia,Sepia,ซีเปีย,EmoteController,
Show Weapon,Show Weapon,อวดอาวุธ,EmoteController,
Sit,Sit,นั่ง,EmoteController,
WASD/QE: Move • Hold right-click: Rotate • Shift: Fast • H: Hide UI • P: Exit,WASD/QE: Move • Hold right-click: Rotate • Shift: Fast • H: Hide UI • P: Exit,WASD/QE: เคลื่อนที่ • กดขวาค้าง: หมุน • Shift: เร็ว • H: ซ่อน UI • P: ออก,EmoteController,
Wave,Wave,โบกมือ,EmoteController,
Showcase,Showcase,อวดอาวุธ,EmoteService,
Christmas / New Year,Christmas / New Year,คริสต์มาส / ปีใหม่,Events,
Halloween,Halloween,ฮาโลวีน,Events,
Loy Krathong,Loy Krathong,ลอยกระทง,Events,
Songkran,Songkran,สงกรานต์,Events,
Splash,Splash,สาดน้ำ,Events,
Landmark,Landmark,จุดสำคัญ,Explorer,
Discover,Discover,ค้นพบ,ExplorerService,
Explored {1}: {2}/{3},Explored {1}: {2}/{3},สำรวจ {1}: {2}/{3},ExplorerService,
Explorer,Explorer,นักสำรวจ,ExplorerService,
 CRIT!, CRIT!, คริ!,ForestController,
Auto Attack: OFF,Auto Attack: OFF,โจมตีอัตโนมัติ: ปิด,ForestController,
Auto Attack: {1},Auto Attack: {1},โจมตีอัตโนมัติ: {1},ForestController,
Auto Cut: OFF,Auto Cut: OFF,ฟันอัตโนมัติ: ปิด,ForestController,
Auto Cut: {1},Auto Cut: {1},ฟันอัตโนมัติ: {1},ForestController,
Back to Game,Back to Game,กลับเข้าเกม,ForestController,
Boss,Boss,บอส,ForestController,
CHESTS • MAX 50,CHESTS • MAX 50,หีบ • สูงสุด 50,ForestController,
CHOP 🪓,CHOP 🪓,ฟัน 🪓,ForestController,
Clear trees around a chest spot,Clear trees around a chest spot,ตัดต้นไม้รอบจุดหีบ,ForestController,
EXP / Wood / Coins −45%,EXP / Wood / Coins −45%,EXP / ไม้ / เหรียญ −45%,ForestController,
EXP / Wood / Coins −{1}%,EXP / Wood / Coins −{1}%,EXP / ไม้ / เหรียญ −{1}%,ForestController,
End Run,End Run,จบรอบ,ForestController,
FOREST RUN,FOREST RUN,ออกป่า,ForestController,
Invite Friends +10%,Invite Friends +10%,ชวนเพื่อน +10%,ForestController,
LEVEL {1}  •  ×{2}  •  Power {3},LEVEL {1}  •  ×{2}  •  Power {3},เลเวล {1}  •  ×{2}  •  พลัง {3},ForestController,
"LEVEL {1} • {2} trees
Wood +{3}
Coins +{4}
Chests: {5} • Seeds: {6} • Eggs: {7}","LEVEL {1} • {2} trees
Wood +{3}
Coins +{4}
Chests: {5} • Seeds: {6} • Eggs: {7}","เลเวล {1} • {2} ต้น
ไม้ +{3}
เหรียญ +{4}
หีบ: {5} • เมล็ด: {6} • ไข่: {7}",ForestController,
OFF,OFF,ปิด,ForestController,
ON,ON,เปิด,ForestController,
PLAY,PLAY,เล่น,ForestController,
RUN COMPLETE!,RUN COMPLETE!,จบรอบแล้ว!,ForestController,
Ready to explore the forest?,Ready to explore the forest?,พร้อมออกสำรวจป่าหรือยัง?,ForestController,
Tree,Tree,ต้นไม้,ForestController,
Wood +{1}  Coins +{2}  Friends +{3}{4},Wood +{1}  Coins +{2}  Friends +{3}{4},ไม้ +{1}  เหรียญ +{2}  เพื่อน +{3}{4},ForestController,
{1} • LEVEL {2}  ×{3},{1} • LEVEL {2}  ×{3},{1} • เลเวล {2}  ×{3},ForestController,
🔒 Power {1},🔒 Power {1},🔒 พลัง {1},ForestController,
Chilled,Chilled,เย็นเยือก,Garden,
Misty,Misty,หมอก,Garden,
Wet,Wet,เปียก,Garden,
All bases occupied. Your garden will be ready when a base opens,All bases occupied. Your garden will be ready when a base opens,ฐานเต็มทุกหลัง สวนของคุณจะพร้อมเมื่อมีฐานว่าง,GardenController,
Are you sure you want to cut this tree?,Are you sure you want to cut this tree?,แน่ใจไหมว่าจะตัดต้นนี้?,GardenController,
Buy,Buy,ซื้อ,GardenController,
Cancel,Cancel,ยกเลิก,GardenController,
Could not reach the server. Try again,Could not reach the server. Try again,ติดต่อเซิร์ฟเวอร์ไม่ได้ ลองใหม่อีกครั้ง,GardenController,
Cut,Cut,ตัด,GardenController,
Cut Tree,Cut Tree,ตัดต้นไม้,GardenController,
Empty,Empty,ว่าง,GardenController,
"Find seeds in trees, chests or the village shop","Find seeds in trees, chests or the village shop",หาเมล็ดได้จากต้นไม้ หีบ หรือร้านในหมู่บ้าน,GardenController,
Fruit,Fruit,ผลไม้,GardenController,
Fruit in {1}s,Fruit in {1}s,ออกผลใน {1} วิ,GardenController,
Fruit {1} • Value,Fruit {1} • Value,ผลไม้ {1} • มูลค่า,GardenController,
Fruit {1}s,Fruit {1}s,ผลไม้ {1} วิ,GardenController,
"Full-price items today (UTC): {1}
Can exceed cap by ×{2}","Full-price items today (UTC): {1}
Can exceed cap by ×{2}","สินค้าราคาเต็มวันนี้ (UTC): {1}
เกินเพดานได้ ×{2}",GardenController,
Garden,Garden,สวน,GardenController,
Garden / Seeds,Garden / Seeds,สวน / เมล็ด,GardenController,
Garden ready,Garden ready,สวนพร้อมแล้ว,GardenController,
Growing,Growing,กำลังโต,GardenController,
Growing {1}%,Growing {1}%,กำลังโต {1}%,GardenController,
Harvest,Harvest,เก็บเกี่ยว,GardenController,
Max Slots,Max Slots,ช่องสูงสุด,GardenController,
Merchant,Merchant,พ่อค้า,GardenController,
Merchant absent. Arrives at :30 UTC every hour for 10 min,Merchant absent. Arrives at :30 UTC every hour for 10 min,พ่อค้าไม่อยู่ มาทุกชั่วโมงที่นาที :30 UTC นาน 10 นาที,GardenController,
"Pick a plot, then press Plant","Pick a plot, then press Plant",เลือกแปลง แล้วกดปลูก,GardenController,
Plant,Plant,ปลูก,GardenController,
Plant here,Plant here,ปลูกตรงนี้,GardenController,
Planting Slots,Planting Slots,ช่องปลูก,GardenController,
Primary,Primary,Primary,GardenController,
Ready,Ready,พร้อม,GardenController,
Ready to harvest,Ready to harvest,พร้อมเก็บเกี่ยว,GardenController,
Ready to plant,Ready to plant,พร้อมปลูก,GardenController,
Seeds,Seeds,เมล็ด,GardenController,
Select Seed,Select Seed,เลือกเมล็ด,GardenController,
Select a seed first,Select a seed first,เลือกเมล็ดก่อน,GardenController,
"Select a seed, then a plot to plant it","Select a seed, then a plot to plant it",เลือกเมล็ด แล้วเลือกแปลงที่จะปลูก,GardenController,
Selected Plot,Selected Plot,แปลงที่เลือก,GardenController,
Sell,Sell,ขาย,GardenController,
Sell All Fruit,Sell All Fruit,ขายผลไม้ทั้งหมด,GardenController,
Shop,Shop,ร้านค้า,GardenController,
Slot {1},Slot {1},ช่อง {1},GardenController,
Slot {1} • {2},Slot {1} • {2},ช่อง {1} • {2},GardenController,
Slot{1},Slot{1},Slot{1},GardenController,
Sync,Sync,Sync,GardenController,
Tab{1},Tab{1},Tab{1},GardenController,
Toggle,Toggle,สลับ,GardenController,
Upgrade,Upgrade,อัปเกรด,GardenController,
Upgrade Slots,Upgrade Slots,อัปเกรดช่อง,GardenController,
Upgrade • {1} Wood,Upgrade • {1} Wood,อัปเกรด • {1} ไม้,GardenController,
Value,Value,มูลค่า,GardenController,
Water,Water,รดน้ำ,GardenController,
Watered,Watered,รดน้ำแล้ว,GardenController,
"Yes, Cut It","Yes, Cut It",ใช่ ตัดเลย,GardenController,
{1} seed,{1} seed,เมล็ด{1},GardenController,
"{1} • {2} Coins • Left {3}
{4} • Restock in {5} sec","{1} • {2} Coins • Left {3}
{4} • Restock in {5} sec","{1} • {2} เหรียญ • เหลือ {3}
{4} • เติมของใน {5} วิ",GardenController,
"{1} • {2} {3} • Left {4}
Merchant leaves in {5} sec","{1} • {2} {3} • Left {4}
Merchant leaves in {5} sec","{1} • {2} {3} • เหลือ {4}
พ่อค้าจะไปใน {5} วิ",GardenController,
Base {1} · Empty,Base {1} · Empty,ฐาน {1} · ว่าง,GardenService,
Buy Seeds / Sell Fruit,Buy Seeds / Sell Fruit,ซื้อเมล็ด / ขายผลไม้,GardenService,
Buy seeds at the village shop,Buy seeds at the village shop,ซื้อเมล็ดได้ที่ร้านในหมู่บ้าน,GardenService,
Coins Not enough,Coins Not enough,เหรียญไม่พอ,GardenService,
Fruit bag full. Sell fruit first,Fruit bag full. Sell fruit first,ถุงผลไม้เต็ม ขายผลไม้ก่อน,GardenService,
Fruit not ready,Fruit not ready,ผลไม้ยังไม่พร้อม,GardenService,
Fruit sold +{1} Coins,Fruit sold +{1} Coins,ขายผลไม้แล้ว +{1} เหรียญ,GardenService,
GARDEN,GARDEN,สวน,GardenService,
Garden slots added,Garden slots added,เพิ่มช่องสวนแล้ว,GardenService,
Garden unavailable,Garden unavailable,สวนยังไม่พร้อม,GardenService,
Garden {1},Garden {1},สวน {1},GardenService,
Go to your own garden plot first,Go to your own garden plot first,ไปที่แปลงสวนของคุณก่อน,GardenService,
Harvest only from your own garden,Harvest only from your own garden,เก็บเกี่ยวได้เฉพาะสวนของคุณ,GardenService,
Harvested • {1},Harvested • {1},เก็บเกี่ยวแล้ว • {1},GardenService,
Harvested. This tree will grow more fruit,Harvested. This tree will grow more fruit,เก็บเกี่ยวแล้ว ต้นนี้จะออกผลอีก,GardenService,
Leaves,Leaves,ใบไม้,GardenService,
Max 30 slots reached,Max 30 slots reached,ครบ 30 ช่องสูงสุดแล้ว,GardenService,
Move closer to your garden first,Move closer to your garden first,เข้าใกล้สวนของคุณก่อน,GardenService,
Move closer to your garden tree first,Move closer to your garden tree first,เข้าใกล้ต้นไม้ในสวนก่อน,GardenService,
My Garden,My Garden,สวนของฉัน,GardenService,
No fruit to sell,No fruit to sell,ไม่มีผลไม้ให้ขาย,GardenService,
Out of stock. Wait for restock,Out of stock. Wait for restock,ของหมด รอเติมของ,GardenService,
Planted,Planted,ปลูกแล้ว,GardenService,
Plant{1},Plant{1},Plant{1},GardenService,
Plot occupied or no seed available,Plot occupied or no seed available,แปลงมีของแล้ว หรือไม่มีเมล็ด,GardenService,
Ready to Harvest • {1},Ready to Harvest • {1},พร้อมเก็บเกี่ยว • {1},GardenService,
SEED SHOP,SEED SHOP,ร้านเมล็ดพันธุ์,GardenService,
Seed purchased,Seed purchased,ซื้อเมล็ดแล้ว,GardenService,
Sell fruit at the village seed shop,Sell fruit at the village seed shop,ขายผลไม้ได้ที่ร้านเมล็ดพันธุ์ในหมู่บ้าน,GardenService,
The tree must be fully grown before cutting,The tree must be fully grown before cutting,ต้องโตเต็มที่ก่อนจึงจะตัดได้,GardenService,
Tree cut +{1} Wood,Tree cut +{1} Wood,ตัดต้นไม้แล้ว +{1} ไม้,GardenService,
Trunk,Trunk,ลำต้น,GardenService,
Upgrade at your own base,Upgrade at your own base,อัปเกรดที่ฐานของคุณ,GardenService,
Waiting for new fruit,Waiting for new fruit,รอผลใหม่,GardenService,
Water Seedlings +10%,Water Seedlings +10%,รดน้ำต้นกล้า +10%,GardenService,unused
Water once before fully grown,Water once before fully grown,รดน้ำได้ครั้งเดียวก่อนโตเต็มที่,GardenService,
Watered. Growth +10%,Watered. Growth +10%,รดน้ำแล้ว โตเร็วขึ้น +10%,GardenService,
Watering Can,Watering Can,บัวรดน้ำ,GardenService,
Unlock Zone,Unlock Zone,ปลดล็อกโซน,GateController,
Light shrine in Zone {1} to unlock this gate,Light shrine in Zone {1} to unlock this gate,จุดศาลเจ้าในโซน {1} เพื่อปลดล็อกประตูนี้,GateService,
Coins,Coins,เหรียญ,HUD,
Gems,Gems,เพชร,HUD,
Added to inventory • Close,Added to inventory • Close,เพิ่มเข้าคลังแล้ว • ปิด,InventoryController,unused
Chests,Chests,หีบ,InventoryController,
"Clear trees around a chest spot, then End Run","Clear trees around a chest spot, then End Run",ตัดต้นไม้รอบจุดหีบ แล้วกดจบรอบ,InventoryController,
Click Delete again to permanently remove this weapon,Click Delete again to permanently remove this weapon,กดลบอีกครั้งเพื่อลบอาวุธนี้ถาวร,InventoryController,
Click Fuse again to use 3 items and the Wood shown,Click Fuse again to use 3 items and the Wood shown,กดหลอมอีกครั้งเพื่อใช้ 3 ชิ้นและไม้ตามที่แสดง,InventoryController,
Connection failed,Connection failed,เชื่อมต่อล้มเหลว,InventoryController,
Connection failed. Try again,Connection failed. Try again,เชื่อมต่อล้มเหลว ลองใหม่,InventoryController,
Delete,Delete,ลบ,InventoryController,
Done,Done,เสร็จ,InventoryController,
Dust,Dust,ผงดาว,InventoryController,
Exchange,Exchange,แลก,InventoryController,
"Exchange {1} Stardust
for one Rare Chest","Exchange {1} Stardust
for one Rare Chest","แลก {1} ผงดาว
เป็นหีบหายาก 1 ใบ",InventoryController,
Fuse,Fuse,หลอม,InventoryController,
Fuse 3,Fuse 3,หลอม 3,InventoryController,
Fuse ★{1}: 3 matching + {2} Wood,Fuse ★{1}: 3 matching + {2} Wood,หลอม ★{1}: ของเหมือนกัน 3 ชิ้น + {2} ไม้,InventoryController,
GIANT ,GIANT ,ยักษ์ ,InventoryController,
"GIANT!
","GIANT!
","ยักษ์!
",InventoryController,unused
Giant ,Giant ,ยักษ์ ,InventoryController,
"IL {1} • Giant {2}
{3}","IL {1} • Giant {2}
{3}","IL {1} • ยักษ์ {2}
{3}",InventoryController,
"IL {1} • ★{2} • Speed {3} • Area {4}
{5}","IL {1} • ★{2} • Speed {3} • Area {4}
{5}","IL {1} • ★{2} • ความเร็ว {3} • พื้นที่ {4}
{5}",InventoryController,
Inventory,Inventory,คลังของ,InventoryController,
Inventory / Chests,Inventory / Chests,คลังของ / หีบ,InventoryController,
Level {1},Level {1},เลเวล {1},InventoryController,
Level {1} • ×{2},Level {1} • ×{2},เลเวล {1} • ×{2},InventoryController,
Max ★5 reached,Max ★5 reached,ครบ ★5 แล้ว,InventoryController,
No chests,No chests,ไม่มีหีบ,InventoryController,
"No chests yet. Clear trees around a chest spot, then End Run","No chests yet. Clear trees around a chest spot, then End Run",ยังไม่มีหีบ ตัดต้นไม้รอบจุดหีบ แล้วกดจบรอบ,InventoryController,
No weapon,No weapon,ไม่มีอาวุธ,InventoryController,
"No weapons yet. Collect forest chests, then open them in the village","No weapons yet. Collect forest chests, then open them in the village",ยังไม่มีอาวุธ เก็บหีบจากป่า แล้วไปเปิดที่หมู่บ้าน,InventoryController,
Open,Open,เปิด,InventoryController,
Open 1,Open 1,เปิด 1,InventoryController,
Open 10,Open 10,เปิด 10,InventoryController,
Open chests at the village station,Open chests at the village station,เปิดหีบได้ที่แท่นในหมู่บ้าน,InventoryController,
Opening chest...,Opening chest...,กำลังเปิดหีบ...,InventoryController,unused
Owned,Owned,มีอยู่,InventoryController,
Power,Power,พลัง,InventoryController,
Rare,Rare,หายาก,InventoryController,
Rebirth,Rebirth,เกิดใหม่,InventoryController,
"Requires 3 weapons with matching type, IL, stars, Giant and Rot","Requires 3 weapons with matching type, IL, stars, Giant and Rot",ต้องใช้อาวุธ 3 ชิ้นที่ชนิด IL ดาว ยักษ์ และ Rot ตรงกัน,InventoryController,
Select an item to view details and take action.,Select an item to view details and take action.,เลือกไอเทมเพื่อดูรายละเอียดและจัดการ,InventoryController,
Stardust,Stardust,ผงดาว,InventoryController,
Stardust {1},Stardust {1},ผงดาว {1},InventoryController,
Try again,Try again,ลองใหม่,InventoryController,
Unknown item,Unknown item,ไอเทมไม่รู้จัก,InventoryController,
Weapons,Weapons,อาวุธ,InventoryController,
"{1}
Kept safe in your save — it will update automatically","{1}
Kept safe in your save — it will update automatically","{1}
เก็บไว้อย่างปลอดภัยในเซฟ — จะอัปเดตอัตโนมัติ",InventoryController,
"{1}
Legacy weapon — upgrades to {2} on next join","{1}
Legacy weapon — upgrades to {2} on next join","{1}
อาวุธรุ่นเก่า — จะอัปเกรดเป็น {2} เมื่อเข้าเกมครั้งถัดไป",InventoryController,
{1} = Rare Chest,{1} = Rare Chest,{1} = หีบหายาก,InventoryController,
{1}Tab,{1}Tab,{1}Tab,InventoryController,
"{1}{2}
{3} • IL {4} • Power {5}","{1}{2}
{3} • IL {4} • Power {5}","{1}{2}
{3} • IL {4} • พลัง {5}",InventoryController,unused
✓ Equipped,✓ Equipped,✓ สวมใส่อยู่,InventoryController,
"
No eligible players yet","
No eligible players yet","
ยังไม่มีผู้เล่นที่เข้าเกณฑ์",LeaderboardService,
GLOBAL ≈,GLOBAL ≈,ทั่วโลก ≈,LeaderboardService,
Leaderboard Unavailable,Leaderboard Unavailable,กระดานอันดับยังไม่พร้อม,LeaderboardService,
SERVER • Global Update pending,SERVER • Global Update pending,เซิร์ฟเวอร์ • รออัปเดตทั่วโลก,LeaderboardService,
User {1},User {1},ผู้ใช้ {1},LeaderboardService,
View All Leaderboards,View All Leaderboards,ดูกระดานอันดับทั้งหมด,LeaderboardService,
Highest Damage,Highest Damage,ดาเมจสูงสุด,Leaderboards,
Pen Income / sec,Pen Income / sec,รายได้คอก / วิ,Leaderboards,
Popular Bases,Popular Bases,ฐานยอดนิยม,Leaderboards,
Total Trees Cut,Total Trees Cut,ตัดต้นไม้ทั้งหมด,Leaderboards,
Events or weather disabled,Events or weather disabled,อีเวนต์หรือสภาพอากาศถูกปิด,LiveEventService,
Live Event saved and announced,Live Event saved and announced,บันทึกและประกาศ Live Event แล้ว,LiveEventService,
Live Event service not ready,Live Event service not ready,ระบบ Live Event ยังไม่พร้อม,LiveEventService,
Saved. Other servers check every 30 sec,Saved. Other servers check every 30 sec,บันทึกแล้ว เซิร์ฟเวอร์อื่นตรวจทุก 30 วิ,LiveEventService,
ArmZ Live Event • Rare weather streak!,ArmZ Live Event • Rare weather streak!,ArmZ Live Event • สภาพอากาศหายากต่อเนื่อง!,LiveEvents,
AUTO,AUTO,อัตโนมัติ,LocaleController,manual
Auto,Auto,อัตโนมัติ,LocaleController,
ENGLISH,ENGLISH,English,LocaleController,manual
Settings,Settings,ตั้งค่า,LocaleController,
Unknown chest rarity,Unknown chest rarity,ไม่รู้จักความหายากของหีบ,Loot,
HUD,HUD,HUD,Main.client,
Compass {1}° • N  E  S  W,Compass {1}° • N  E  S  W,เข็มทิศ {1}° • เหนือ ตะวันออก ใต้ ตะวันตก,MapController,
Defeat boss and light shrine in Zone {1},Defeat boss and light shrine in Zone {1},ชนะบอสและจุดศาลเจ้าในโซน {1},MapController,unused
Destination: {1},Destination: {1},ปลายทาง: {1},MapController,unused
Event,Event,Event,MapController,dev
Event target,Event target,อีเวนต์,MapController,
Explored {1}/{2},Explored {1}/{2},สำรวจ {1}/{2},MapController,unused
Hub,Hub,หมู่บ้าน,MapController,unused
Map,Map,แผนที่,MapController,unused
Marker,Marker,หมุด,MapController,unused
North / Camera,North / Camera,ทิศเหนือ / กล้อง,MapController,unused
Quest,Quest,Quest,MapController,dev
Quest target,Quest target,ภารกิจ,MapController,
Select a zone to travel,Select a zone to travel,เลือกโซนเพื่อเดินทาง,MapController,unused
Skip boat ride,Skip boat ride,ข้ามการนั่งเรือ,MapController,
World Map,World Map,แผนที่โลก,MapController,unused
Zone{1},Zone{1},Zone{1},MapController,unused
{1} {2} • {3},{1} {2} • {3},{1} {2} • {3},MapController,manual
{1}Target,{1}Target,{1}Target,MapController,dev
Mini-chest,Mini-chest,หีบสำรวจ,MapSystems,manual
{1} • {2},{1} • {2},{1} • {2},MapSystems,unused
Chests {1} LEVEL {2},Chests {1} LEVEL {2},หีบ{1} เลเวล {2},MerchantMath,
Seeds {1},Seeds {1},เมล็ด {1},MerchantMath,
Buy {1} done,Buy {1} done,ซื้อ {1} แล้ว,MerchantService,
Egg bag full,Egg bag full,ถุงไข่เต็ม,MerchantService,
Item unavailable this visit,Item unavailable this visit,ไม่มีของชิ้นนี้ในรอบนี้,MerchantService,
Merchant not here yet,Merchant not here yet,พ่อค้ายังไม่มา,MerchantService,
Purchase limit reached for this visit,Purchase limit reached for this visit,ซื้อครบจำนวนของรอบนี้แล้ว,MerchantService,
Squirrel Merchant,Squirrel Merchant,พ่อค้ากระรอก,MerchantService,
The squirrel merchant has arrived! Leaves in 10 min,The squirrel merchant has arrived! Leaves in 10 min,พ่อค้ากระรอกมาแล้ว! จะไปใน 10 นาที,MerchantService,
View Items,View Items,ดูสินค้า,MerchantService,
Visit the traveling merchant in the village outside a run,Visit the traveling merchant in the village outside a run,ไปหาพ่อค้าเร่ในหมู่บ้านนอกรอบออกป่า,MerchantService,
{1} Not enough,{1} Not enough,{1} ไม่พอ,MerchantService,
Base already locked,Base already locked,ล็อกฐานอยู่แล้ว,MonetizationService,
Choose Warp Destination,Choose Warp Destination,เลือกจุดวาร์ป,MonetizationService,
Exp,Exp,EXP,MonetizationService,
Game Pass received {1} done!,Game Pass received {1} done!,ได้รับเกมพาส {1} แล้ว!,MonetizationService,
Legendary,Legendary,ตำนาน,MonetizationService,
Loading data,Loading data,กำลังโหลดข้อมูล,MonetizationService,
Luck,Luck,โชค,MonetizationService,
No eggs hatching in the incubator,No eggs hatching in the incubator,ไม่มีไข่กำลังฟักในตู้ฟัก,MonetizationService,
No growing trees,No growing trees,ไม่มีต้นไม้กำลังโต,MonetizationService,
Open purchase for {1},Open purchase for {1},เปิดหน้าซื้อ {1},MonetizationService,
Owned {1} done,Owned {1} done,มี {1} อยู่แล้ว,MonetizationService,
Product not found,Product not found,ไม่พบสินค้า,MonetizationService,
Received {1} done,Received {1} done,ได้รับ {1} แล้ว,MonetizationService,
Requires the Teleport Anywhere pass,Requires the Teleport Anywhere pass,ต้องมีพาส Teleport Anywhere,MonetizationService,
Shop disabled,Shop disabled,ร้านค้าปิดอยู่,MonetizationService,
{1} Thank you for your support!,{1} Thank you for your support!,{1} ขอบคุณที่สนับสนุน!,MonetizationService,
{1} activated +25% server Luck for 15 min!,{1} activated +25% server Luck for 15 min!,{1} เปิดโชคเซิร์ฟเวอร์ +25% นาน 15 นาที!,MonetizationService,
Celestial,Celestial,สวรรค์,Mutations,
Cosmic,Cosmic,จักรวาล,Mutations,
Electrified,Electrified,ไฟฟ้า,Mutations,
Frozen,Frozen,เยือกแข็ง,Mutations,
Shocked,Shocked,ช็อต,Mutations,
Chest Animation,Chest Animation,แอนิเมชันหีบ,NavigationController,
Choose a Menu,Choose a Menu,เลือกเมนู,NavigationController,
Dialog,Dialog,Dialog,NavigationController,
E: Chop  •  Shift: Sprint  •  G: Emotes  •  P: Photo,E: Chop  •  Shift: Sprint  •  G: Emotes  •  P: Photo,E: ฟัน  •  Shift: วิ่ง  •  G: อีโมต  •  P: ถ่ายรูป,NavigationController,
Emotes,Emotes,อีโมต,NavigationController,
FAST,FAST,เร็ว,NavigationController,
FULL,FULL,เต็ม,NavigationController,
Fast,Fast,Fast,NavigationController,dev
HOLD,HOLD,กดค้าง,NavigationController,
Hold,Hold,กดค้าง,NavigationController,
Invite Friends,Invite Friends,ชวนเพื่อน,NavigationController,
Language,Language,ภาษา,NavigationController,manual
Menu,Menu,เมนู,NavigationController,
More,More,เพิ่มเติม,NavigationController,
Music,Music,เพลง,NavigationController,
Off,Off,Off,NavigationController,dev
Panel,Panel,Panel,NavigationController,
Pets,Pets,สัตว์เลี้ยง,NavigationController,
Photo,Photo,ถ่ายรูป,NavigationController,
Quests,Quests,ภารกิจ,NavigationController,
Quests & Index,Quests & Index,ภารกิจ & สมุดสะสม,NavigationController,
Result,Result,Result,NavigationController,
Rewards,Rewards,รางวัล,NavigationController,
SFX,SFX,เสียงเอฟเฟกต์,NavigationController,
Season,Season,ซีซัน,NavigationController,
Season Pass,Season Pass,ซีซันพาส,NavigationController,
Sprint,Sprint,วิ่ง,NavigationController,
Summary,Summary,Summary,NavigationController,
Wheel,Wheel,Wheel,NavigationController,
Collect forest eggs during a run,Collect forest eggs during a run,เก็บไข่ในป่าระหว่างออกรอบ,NestService,
Egg secured! ({1}) Received when your run ends,Egg secured! ({1}) Received when your run ends,เก็บไข่สำเร็จ! ({1}) จะได้รับเมื่อจบรอบ,NestService,
Egg secured! Reach the warp stone or press End Run. The guardian is chasing you!,Egg secured! Reach the warp stone or press End Run. The guardian is chasing you!,เก็บไข่สำเร็จ! ไปที่หินวาร์ปหรือกดจบรอบ ผู้พิทักษ์กำลังไล่ตาม!,NestService,
Eggs unavailable,Eggs unavailable,ระบบไข่ยังไม่พร้อม,NestService,
Eye,Eye,Eye,NestService,
Guardian caught you! Egg returned to nest,Guardian caught you! Egg returned to nest,ผู้พิทักษ์จับได้! ไข่กลับไปที่รัง,NestService,
Move closer to the nest first,Move closer to the nest first,เข้าใกล้รังก่อน,NestService,
Nest Guardian,Nest Guardian,ผู้พิทักษ์รัง,NestService,
No egg in this nest yet,No egg in this nest yet,รังนี้ยังไม่มีไข่,NestService,
Take Egg,Take Egg,หยิบไข่,NestService,
Tusk,Tusk,Tusk,NestService,
Weather event ended,Weather event ended,เหตุการณ์สภาพอากาศจบแล้ว,NestService,
You can carry only one egg at a time,You can carry only one egg at a time,ถือไข่ได้ทีละฟองเท่านั้น,NestService,
Zone not unlocked yet,Zone not unlocked yet,โซนยังไม่ปลดล็อก,NestService,
 • Rideable, • Rideable, • ขี่ได้,PetController,
 • Stolen, • Stolen, • ขโมยมา,PetController,
AFK Over 10 min,AFK Over 10 min,AFK เกิน 10 นาที,PetController,
Add to Pen,Add to Pen,ใส่คอก,PetController,
Admin enabled,Admin enabled,เปิดโดยแอดมิน,PetController,
Already purchased this visit,Already purchased this visit,ซื้อไปแล้วในรอบนี้,PetController,
Back,Back,กลับ,PetController,
Back to Incubator,Back to Incubator,กลับไปตู้ฟัก,PetController,
Base,Base,ฐาน,PetController,
"Base Decor • Beauty {1} • {2}/{3} items
Stand on your base floor to place it. No effect on power","Base Decor • Beauty {1} • {2}/{3} items
Stand on your base floor to place it. No effect on power","ตกแต่งฐาน • ความสวย {1} • {2}/{3} ชิ้น
ยืนบนพื้นฐานเพื่อวาง ไม่มีผลต่อพลัง",PetController,
Base Guard,Base Guard,ผู้เฝ้าฐาน,PetController,
Belt,Belt,สายพาน,PetController,
Carry,Carry,ติดตัว,PetController,
Chasing thief {1}%,Chasing thief {1}%,ไล่ขโมย {1}%,PetController,
"Choose an egg, place it, then hatch when ready.","Choose an egg, place it, then hatch when ready.",เลือกไข่ วางลงตู้ แล้วฟักเมื่อพร้อม,PetController,
Choose an empty slot to place the {1},Choose an empty slot to place the {1},เลือกช่องว่างเพื่อวาง{1},PetController,
Click Release again to confirm (permanent),Click Release again to confirm (permanent),กดปล่อยอีกครั้งเพื่อยืนยัน (ถาวร),PetController,
Close,Close,ปิด,PetController,
Collect,Collect,เก็บ,PetController,
"Collect Pen Income • {1} Coins
Income +{2}/sec • Storage limit {3} hrs","Collect Pen Income • {1} Coins
Income +{2}/sec • Storage limit {3} hrs","เก็บรายได้คอก • {1} เหรียญ
รายได้ +{2}/วิ • เก็บได้สูงสุด {3} ชม.",PetController,
"Collect pen income, upgrade and protect your base.","Collect pen income, upgrade and protect your base.",เก็บรายได้คอก อัปเกรด และป้องกันฐานของคุณ,PetController,
Conveyor,Conveyor,สายพาน,PetController,
Cooldown {1} sec,Cooldown {1} sec,คูลดาวน์ {1} วิ,PetController,
Dismount,Dismount,ลงจากหลัง,PetController,
Egg Conveyor,Egg Conveyor,สายพานไข่,PetController,
Egg Incubator,Egg Incubator,ตู้ฟักไข่,PetController,
Eggs,Eggs,ไข่,PetController,
Eggs & Pets,Eggs & Pets,ไข่ & สัตว์เลี้ยง,PetController,
Eggs ride the conveyor for a limited time.,Eggs ride the conveyor for a limited time.,ไข่อยู่บนสายพานแค่ช่วงเวลาหนึ่ง,PetController,
Empty slot,Empty slot,ช่องว่าง,PetController,
Faster Incubator,Faster Incubator,ตู้ฟักเร็วขึ้น,PetController,
Festival only,Festival only,เฉพาะเทศกาล,PetController,
"Find eggs in forest nests, chests or the village conveyor, or steal from other bases","Find eggs in forest nests, chests or the village conveyor, or steal from other bases",หาไข่ได้จากรังในป่า หีบ สายพานในหมู่บ้าน หรือขโมยจากฐานอื่น,PetController,
"Friends can steal eggs: {1}
Click to toggle","Friends can steal eggs: {1}
Click to toggle","เพื่อนขโมยไข่ได้: {1}
กดเพื่อสลับ",PetController,
Hatch,Hatch,ฟัก,PetController,
Hatch Ready Eggs,Hatch Ready Eggs,ฟักไข่ที่พร้อม,PetController,
Hatch {1} min{2},Hatch {1} min{2},ฟัก {1} นาที{2},PetController,
In pen,In pen,อยู่ในคอก,PetController,
Incubator,Incubator,ตู้ฟัก,PetController,
Lock,Lock,ล็อก,PetController,
"Lock Base • {1}
Barrier blocks visitors Cooldown {2} sec","Lock Base • {1}
Barrier blocks visitors Cooldown {2} sec","ล็อกฐาน • {1}
กำแพงกันผู้มาเยือน คูลดาวน์ {2} วิ",PetController,
Lock Ready {1} sec,Lock Ready {1} sec,ล็อกพร้อมใน {1} วิ,PetController,
Locked for {1} sec,Locked for {1} sec,ล็อกอยู่ {1} วิ,PetController,
Locked: light shrine in zone {1},Locked: light shrine in zone {1},ล็อก: จุดศาลเจ้าในโซน {1},PetController,
Longer Base Lock,Longer Base Lock,ล็อกฐานนานขึ้น,PetController,
Max reached,Max reached,ถึงขีดสูงสุดแล้ว,PetController,
Mount,Mount,ขี่,PetController,
New Player (30 min),New Player (30 min),ผู้เล่นใหม่ (30 นาที),PetController,
No base yet,No base yet,ยังไม่มีฐาน,PetController,
No pets yet. Hatch eggs at your base,No pets yet. Hatch eggs at your base,ยังไม่มีสัตว์เลี้ยง ฟักไข่ที่ฐานของคุณ,PetController,
None,None,ไม่มี,PetController,
On conveyor for {1} sec,On conveyor for {1} sec,อยู่บนสายพาน {1} วิ,PetController,
One egg per Aurora event,One egg per Aurora event,ไข่หนึ่งฟองต่อออโรราหนึ่งครั้ง,PetController,
Pen,Pen,คอก,PetController,
Pen Income,Pen Income,รายได้คอก,PetController,
Pet Pen,Pet Pen,คอกสัตว์,PetController,
Pick an egg for slot {1},Pick an egg for slot {1},เลือกไข่สำหรับช่อง {1},PetController,
"Pick an egg, then choose an empty incubator slot.","Pick an egg, then choose an empty incubator slot.",เลือกไข่ แล้วเลือกช่องว่างในตู้ฟัก,PetController,
Place,Place,วาง,PetController,
Place Egg,Place Egg,วางไข่,PetController,
Place at Your Position,Place at Your Position,วางตรงตำแหน่งของคุณ,PetController,
Purchased,Purchased,ซื้อแล้ว,PetController,
Release,Release,ปล่อย,PetController,
Remove,Remove,เอาออก,PetController,
Rotate,Rotate,หมุน,PetController,
Rotate Nearest Decoration 90°,Rotate Nearest Decoration 90°,หมุนของตกแต่งที่ใกล้ที่สุด 90°,PetController,
Select 3 matching species/tier pets,Select 3 matching species/tier pets,เลือกสัตว์เลี้ยงสายพันธุ์/ระดับเดียวกัน 3 ตัว,PetController,
Select Egg,Select Egg,เลือกไข่,PetController,
Select one pet,Select one pet,เลือกสัตว์เลี้ยง 1 ตัว,PetController,
"Select pets to carry, pen, fuse or ride.","Select pets to carry, pen, fuse or ride.",เลือกสัตว์เลี้ยงเพื่อพาไปด้วย ใส่คอก หลอม หรือขี่,PetController,
Shield,Shield,โล่,PetController,
Stat{1},Stat{1},Stat{1},PetController,
Steal Egg,Steal Egg,ขโมยไข่,PetController,
Store,Store,เก็บ,PetController,
Store Nearest Decoration (refund {1}% Wood),Store Nearest Decoration (refund {1}% Wood),เก็บของตกแต่งที่ใกล้ที่สุด (คืนไม้ {1}%),PetController,
Stow,Stow,เก็บเข้าคลัง,PetController,
"Theft Shield: {1}
Eggs over 75% hatched and hatched pets cannot be stolen","Theft Shield: {1}
Eggs over 75% hatched and hatched pets cannot be stolen","โล่กันขโมย: {1}
ไข่ที่ฟักเกิน 75% และสัตว์ที่ฟักแล้วขโมยไม่ได้",PetController,
Thief slowed by {1}%,Thief slowed by {1}%,ขโมยช้าลง {1}%,PetController,
This festival only! Place at your position,This festival only! Place at your position,เฉพาะเทศกาลนี้! วางตรงตำแหน่งของคุณ,PetController,
Thorn Root Trap,Thorn Root Trap,กับดักรากหนาม,PetController,
Upgrade {1} Wood,Upgrade {1} Wood,อัปเกรด {1} ไม้,PetController,
{1} sec,{1} sec,{1} วิ,PetController,
{1} selected • Fuse needs 3 matching species/tier,{1} selected • Fuse needs 3 matching species/tier,เลือกแล้ว {1} ตัว • หลอมต้องใช้สายพันธุ์/ระดับเดียวกัน 3 ตัว,PetController,
"{1} • Lv {2}/{3} • Now {4}
{5}","{1} • Lv {2}/{3} • Now {4}
{5}","{1} • Lv {2}/{3} • ตอนนี้ {4}
{5}",PetController,
"{1} • {2} Coins
{3}","{1} • {2} Coins
{3}","{1} • {2} เหรียญ
{3}",PetController,
"{1} • {2} Coins • Zone {3}
Hatch {4} min • {5}","{1} • {2} Coins • Zone {3}
Hatch {4} min • {5}","{1} • {2} เหรียญ • โซน {3}
ฟัก {4} นาที • {5}",PetController,
"{1} • {2} Wood • Beauty +{3}
{4}","{1} • {2} Wood • Beauty +{3}
{4}","{1} • {2} ไม้ • ความสวย +{3}
{4}",PetController,
"{1} ★{2} • {3}{4} • {5}
+{6}/sec In pen • Bonus {7} +{8}%{9}","{1} ★{2} • {3}{4} • {5}
+{6}/sec In pen • Bonus {7} +{8}%{9}","{1} ★{2} • {3}{4} • {5}
+{6}/วิ ในคอก • โบนัส {7} +{8}%{9}",PetController,
⚠ Theft in progress!,⚠ Theft in progress!,⚠ กำลังถูกขโมย!,PetController,
⚠ Your egg is being stolen! Press E to reclaim,⚠ Your egg is being stolen! Press E to reclaim,⚠ ไข่ของคุณกำลังถูกขโมย! กด E เพื่อชิงคืน,PetController,
🔒 Stealable below {1}%,🔒 Stealable below {1}%,🔒 ขโมยได้เมื่อต่ำกว่า {1}%,PetController,
🛡 Protected from theft,🛡 Protected from theft,🛡 ป้องกันการขโมย,PetController,
Added to inventory,Added to inventory,เพิ่มเข้าคลังแล้ว,PetService,
Added to pen,Added to pen,ใส่คอกแล้ว,PetService,
Already there,Already there,อยู่ที่นั่นแล้ว,PetService,
Aurora egg purchased,Aurora egg purchased,ซื้อไข่ออโรราแล้ว,PetService,
Buy Egg,Buy Egg,ซื้อไข่,PetService,
Buy eggs at the village conveyor,Buy eggs at the village conveyor,ซื้อไข่ได้ที่สายพานในหมู่บ้าน,PetService,
Cannot mount while carrying an egg,Cannot mount while carrying an egg,ขี่ไม่ได้ขณะถือไข่,PetService,
Carry limit {1} pets,Carry limit {1} pets,พาไปได้สูงสุด {1} ตัว,PetService,
Collect Pen Income,Collect Pen Income,เก็บรายได้คอก,PetService,
Collect Pen Income +{1} Coins,Collect Pen Income +{1} Coins,เก็บรายได้คอก +{1} เหรียญ,PetService,
Collect income at your own base pen,Collect income at your own base pen,เก็บรายได้ที่คอกในฐานของคุณ,PetService,
Dismounted,Dismounted,ลงจากหลังแล้ว,PetService,
EGG CONVEYOR,EGG CONVEYOR,สายพานไข่,PetService,
Egg already purchased for this weather event,Egg already purchased for this weather event,ซื้อไข่ของเหตุการณ์สภาพอากาศนี้ไปแล้ว,PetService,
Egg bag full or zone locked,Egg bag full or zone locked,ถุงไข่เต็มหรือโซนยังล็อก,PetService,
Egg placed,Egg placed,วางไข่แล้ว,PetService,
Egg theft unavailable,Egg theft unavailable,ระบบขโมยไข่ยังไม่พร้อม,PetService,
Eggs and pets unavailable,Eggs and pets unavailable,ระบบไข่และสัตว์เลี้ยงยังไม่พร้อม,PetService,
Fused to tier {1},Fused to tier {1},หลอมเป็นระดับ {1},PetService,
Hatch eggs at your own base incubator,Hatch eggs at your own base incubator,ฟักไข่ที่ตู้ฟักในฐานของคุณ,PetService,
Hatchable {1},Hatchable {1},ฟักได้ {1},PetService,
INCUBATOR,INCUBATOR,ตู้ฟักไข่,PetService,
Invalid incubator slot,Invalid incubator slot,ช่องตู้ฟักไม่ถูกต้อง,PetService,
Max tier reached,Max tier reached,ถึงระดับสูงสุดแล้ว,PetService,
Missing or duplicate pets,Missing or duplicate pets,สัตว์เลี้ยงหายไปหรือซ้ำกัน,PetService,
Mode,Mode,โหมด,PetService,
Mount {1} done,Mount {1} done,ขี่ {1} แล้ว,PetService,
Mounting unlocks in chapter {1},Mounting unlocks in chapter {1},ปลดล็อกการขี่ในบทที่ {1},PetService,
No Aurora egg available,No Aurora egg available,ไม่มีไข่ออโรรา,PetService,
No hatched eggs yet,No hatched eggs yet,ยังไม่มีไข่ที่ฟักแล้ว,PetService,
No pen income yet,No pen income yet,ยังไม่มีรายได้คอก,PetService,
PET PEN,PET PEN,คอกสัตว์,PetService,
Pen full. Upgrade it with Wood,Pen full. Upgrade it with Wood,คอกเต็ม อัปเกรดด้วยไม้,PetService,
Pet carried,Pet carried,พาสัตว์เลี้ยงไปด้วยแล้ว,PetService,
Pet not found,Pet not found,ไม่พบสัตว์เลี้ยง,PetService,
Pet released,Pet released,ปล่อยสัตว์เลี้ยงแล้ว,PetService,
"Pets must match species, zone and tier","Pets must match species, zone and tier",สัตว์เลี้ยงต้องเป็นสายพันธุ์ โซน และระดับเดียวกัน,PetService,
Pets unavailable,Pets unavailable,ระบบสัตว์เลี้ยงยังไม่พร้อม,PetService,
Place eggs in your own base incubator,Place eggs in your own base incubator,วางไข่ในตู้ฟักที่ฐานของคุณ,PetService,
Secret,Secret,ลับ,PetService,
Select 3 matching pets,Select 3 matching pets,เลือกสัตว์เลี้ยงที่เหมือนกัน 3 ตัว,PetService,
Slot occupied or no egg available,Slot occupied or no egg available,ช่องไม่ว่างหรือไม่มีไข่,PetService,
Speed,Speed,ความเร็ว,PetService,
This egg is no longer on the conveyor,This egg is no longer on the conveyor,ไข่นี้ไม่อยู่บนสายพานแล้ว,PetService,
This egg was already purchased,This egg was already purchased,ไข่นี้ถูกซื้อไปแล้ว,PetService,
This pet cannot be ridden,This pet cannot be ridden,สัตว์เลี้ยงตัวนี้ขี่ไม่ได้,PetService,
Unlock zone {1} first,Unlock zone {1} first,ปลดล็อกโซน {1} ก่อน,PetService,
Upgrade maxed,Upgrade maxed,อัปเกรดสูงสุดแล้ว,PetService,
Upgraded (level {1}),Upgraded (level {1}),อัปเกรดแล้ว (เลเวล {1}),PetService,
{1} Hatchable {2} {3}!,{1} Hatchable {2} {3}!,{1} ฟักได้ {2} {3}!,PetService,
Acorn Squirrel,Acorn Squirrel,กระรอกลูกโอ๊ก,Pets,config
Amber Boar,Amber Boar,หมูป่าอำพัน,Pets,config
Aurora Stag,Aurora Stag,กวางออโรรา,Pets,config
Autumn Stag,Autumn Stag,กวางใบไม้ร่วง,Pets,config
Bamboo Boar,Bamboo Boar,หมูป่าไผ่,Pets,config
Blood Raven,Blood Raven,อีกาจันทราเลือด,Pets,config
Blossom Crane,Blossom Crane,กระเรียนซากุระ,Pets,config
Celestial Stag,Celestial Stag,กวางสวรรค์,Pets,config
Cherry Dragon,Cherry Dragon,มังกรเชอร์รี,Pets,config
Cloud Kit,Cloud Kit,ลูกแมวเมฆ,Pets,config
Clover Bunny,Clover Bunny,กระต่ายโคลเวอร์,Pets,config
Ember Fox,Ember Fox,จิ้งจอกถ่านแดง,Pets,config
Frost Owl,Frost Owl,นกฮูกน้ำแข็ง,Pets,config
Fungal Fox,Fungal Fox,จิ้งจอกเห็ด,Pets,config
Gem Bunny,Gem Bunny,กระต่ายอัญมณี,Pets,config
Glacier Wyrm,Glacier Wyrm,มังกรธารน้ำแข็ง,Pets,config
Glowmoth,Glowmoth,ผีเสื้อกลางคืนเรืองแสง,Pets,config
Halo Dove,Halo Dove,นกพิราบรัศมี,Pets,config
Honey Bee,Honey Bee,ผึ้งน้ำผึ้ง,Pets,config
Ice Wolf,Ice Wolf,หมาป่าน้ำแข็ง,Pets,config
Leaf Phoenix,Leaf Phoenix,ฟีนิกซ์ใบไม้,Pets,config
Little Sun Drake,Little Sun Drake,มังกรน้อยสุริยา,Pets,config
Lumora Kit,Lumora Kit,ลูกแมวลูมอรา,Pets,config
Lumora Wyrm,Lumora Wyrm,มังกรลูมอรา,Pets,config
Maple Owl,Maple Owl,นกฮูกเมเปิล,Pets,config
Meadow Wolf,Meadow Wolf,หมาป่าทุ่งหญ้า,Pets,config
Mire Boar,Mire Boar,หมูป่าบึง,Pets,config
Petal Bunny,Petal Bunny,กระต่ายกลีบซากุระ,Pets,config
Prism Bird,Prism Bird,นกปริซึม,Pets,config
Prism Drake,Prism Drake,มังกรปริซึม,Pets,config
Quartz Boar,Quartz Boar,หมูป่าควอตซ์,Pets,config
Raiju Drake,Raiju Drake,มังกรไรจู,Pets,config
Rainbow,Rainbow,สายรุ้ง,Pets,
Ronin Fox,Ronin Fox,จิ้งจอกโรนิน,Pets,config
Sakura,Sakura,ซากุระ,Pets,
Sakura Stag,Sakura Stag,กวางซากุระ,Pets,config
Shard Fox,Shard Fox,จิ้งจอกผลึก,Pets,config
Snow Hare,Snow Hare,กระต่ายหิมะ,Pets,config
Spore Drake,Spore Drake,มังกรสปอร์,Pets,config
Spore Toad,Spore Toad,คางคกสปอร์,Pets,config
Star Wolf,Star Wolf,หมาป่าดวงดาว,Pets,config
Storm Crow,Storm Crow,อีกาพายุ,Pets,config
Sun Deer,Sun Deer,กวางตะวัน,Pets,config
Thunder Wolf,Thunder Wolf,หมาป่าสายฟ้า,Pets,config
Volt Squirrel,Volt Squirrel,กระรอกสายฟ้า,Pets,config
"1,200 Gems","1,200 Gems","1,200 เพชร",Products,
100 Gems,100 Gems,100 เพชร,Products,
550 Gems,550 Gems,550 เพชร,Products,
"6,500 Gems","6,500 Gems","6,500 เพชร",Products,
Auto Sell,Auto Sell,ขายอัตโนมัติ,Products,
Carry +2 pets (max 6),Carry +2 pets (max 6),พาสัตว์เลี้ยง +2 ตัว (สูงสุด 6),Products,
Chest Key • Legendary Chest Level 10,Chest Key • Legendary Chest Level 10,กุญแจหีบ • หีบตำนานเลเวล 10,Products,
Coins ×2 Permanent (same free cap; does not stack),Coins ×2 Permanent (same free cap; does not stack),เหรียญ ×2 ถาวร (เพดานเท่าทางฟรี ไม่ซ้อนกัน),Products,
Coins ×2 • 15 min,Coins ×2 • 15 min,เหรียญ ×2 • 15 นาที,Products,
Coins ×2 • 30 min,Coins ×2 • 30 min,เหรียญ ×2 • 30 นาที,Products,
EXP ×2 • 15 min,EXP ×2 • 15 min,EXP ×2 • 15 นาที,Products,
EXP ×2 • 30 min,EXP ×2 • 30 min,EXP ×2 • 30 นาที,Products,
Epic+ chest chance +25% Permanent,Epic+ chest chance +25% Permanent,โอกาสหีบมหากาพย์ขึ้นไป +25% ถาวร,Products,
Garden Slots +10,Garden Slots +10,ช่องสวน +10,Products,
Garden Slots +10 (max 30),Garden Slots +10 (max 30),ช่องสวน +10 (สูงสุด 30),Products,
Harvest and sell instantly anywhere,Harvest and sell instantly anywhere,เก็บเกี่ยวและขายได้ทันทีทุกที่,Products,
Hatch Speed ×2,Hatch Speed ×2,ความเร็วฟัก ×2,Products,
"Hatch speed ×2, matching a max-level incubator","Hatch speed ×2, matching a max-level incubator",ความเร็วฟัก ×2 เท่าตู้ฟักเลเวลสูงสุด,Products,
Instant Base Lock,Instant Base Lock,ล็อกฐานทันที,Products,
Instant Garden Growth,Instant Garden Growth,สวนโตทันที,Products,
Instant Incubator Hatch,Instant Incubator Hatch,ฟักไข่ทันที,Products,
Luck +25% • 15 min,Luck +25% • 15 min,โชค +25% • 15 นาที,Products,
Luck +25% • 30 min,Luck +25% • 30 min,โชค +25% • 30 นาที,Products,
Lucky,Lucky,นำโชค,Products,
Open Chest 10 chests at once,Open Chest 10 chests at once,เปิดหีบทีละ 10 ใบ,Products,
Open Ten,Open Ten,เปิดสิบ,Products,
Open Warp from the shop without visiting a warp stone,Open Warp from the shop without visiting a warp stone,เปิดวาร์ปจากร้านได้โดยไม่ต้องไปที่หินวาร์ป,Products,
Pet Slots +2,Pet Slots +2,ช่องสัตว์เลี้ยง +2,Products,
Season Pass Premium,Season Pass Premium,ซีซันพาสพรีเมียม,Products,
Server Luck +25% • 15 min,Server Luck +25% • 15 min,โชคเซิร์ฟเวอร์ +25% • 15 นาที,Products,
Teleport Anywhere,Teleport Anywhere,วาร์ปได้ทุกที่,Products,
VIP overhead title • Chat tag • Daily +25 Gems,VIP overhead title • Chat tag • Daily +25 Gems,ฉายา VIP เหนือหัว • แท็กแชต • รายวัน +25 เพชร,Products,
Wood ×2 Permanent (same free cap; does not stack),Wood ×2 Permanent (same free cap; does not stack),ไม้ ×2 ถาวร (เพดานเท่าทางฟรี ไม่ซ้อนกัน),Products,
Wood ×2 • 30 min,Wood ×2 • 30 min,ไม้ ×2 • 30 นาที,Products,
×2 Coins,×2 Coins,เหรียญ ×2,Products,
×2 Wood,×2 Wood,ไม้ ×2,Products,
Apprentice Lumberjack,Apprentice Lumberjack,คนตัดไม้ฝึกหัด,Progression,
Chest Hunter,Chest Hunter,นักล่าหีบ,Progression,
Coins Permanent +25% (with Rebirth max ×2),Coins Permanent +25% (with Rebirth max ×2),เหรียญถาวร +25% (รวมเกิดใหม่สูงสุด ×2),Progression,
Complete Collection,Complete Collection,สะสมครบทุกหมวด,Progression,
Cycle Starter,Cycle Starter,ผู้เริ่มวัฏจักร,Progression,
Epic+ chest chance +25% (max 100%),Epic+ chest chance +25% (max 100%),โอกาสหีบมหากาพย์ขึ้นไป +25% (สูงสุด 100%),Progression,
Forest Friend,Forest Friend,เพื่อนแห่งป่า,Progression,
Forest Guardian,Forest Guardian,ผู้พิทักษ์ป่า,Progression,
Forest Legend,Forest Legend,ตำนานแห่งป่า,Progression,
Garden Keeper,Garden Keeper,ผู้ดูแลสวน,Progression,
Guardian Cleanser,Guardian Cleanser,ผู้ชำระล้างผู้พิทักษ์,Progression,
Lumberjack Legend,Lumberjack Legend,ตำนานคนตัดไม้,Progression,
New Cycle,New Cycle,วัฏจักรใหม่,Progression,
New Lumberjack,New Lumberjack,คนตัดไม้มือใหม่,Progression,
One Thousand Trees,One Thousand Trees,หนึ่งพันต้น,Progression,
Pet Friend,Pet Friend,เพื่อนสัตว์เลี้ยง,Progression,
Power +10% (combined Power bonus max ×4),Power +10% (combined Power bonus max ×4),พลัง +10% (โบนัสพลังรวมสูงสุด ×4),Progression,
Rootfall Collector,Rootfall Collector,นักสะสมรูทฟอลล์,Progression,
Rot Cleanser,Rot Cleanser,ผู้ชำระล้างความเน่า,Progression,
Thriving Garden,Thriving Garden,สวนรุ่งเรือง,Progression,
Treasure Hunter,Treasure Hunter,นักล่าสมบัติ,Progression,
Wood Permanent +25% (with Rebirth max ×2),Wood Permanent +25% (with Rebirth max ×2),ไม้ถาวร +25% (รวมเกิดใหม่สูงสุด ×2),Progression,
Index Category {1} Complete! +{2} Gems,Index Category {1} Complete! +{2} Gems,สมุดสะสมหมวด {1} ครบ! +{2} เพชร,QuestService,
Main story complete. Start a new cycle with Rebirth,Main story complete. Start a new cycle with Rebirth,เนื้อเรื่องหลักจบแล้ว เริ่มวัฏจักรใหม่ด้วยการเกิดใหม่,QuestService,
Quest Complete: {1} +{2} Gems,Quest Complete: {1} +{2} Gems,ภารกิจสำเร็จ: {1} +{2} เพชร,QuestService,
Quest not complete,Quest not complete,ภารกิจยังไม่สำเร็จ,QuestService,
Quest not found,Quest not found,ไม่พบภารกิจ,QuestService,
Quest reward claimed +{1} Gems,Quest reward claimed +{1} Gems,รับรางวัลภารกิจ +{1} เพชร,QuestService,
Quests unavailable,Quests unavailable,ระบบภารกิจยังไม่พร้อม,QuestService,
{1} Complete!,{1} Complete!,{1} สำเร็จ!,QuestService,
{1} • +{2} Gems,{1} • +{2} Gems,{1} • +{2} เพชร,QuestService,
Auto Cut penalty reduced by 5% per tier (minimum penalty 25%),Auto Cut penalty reduced by 5% per tier (minimum penalty 25%),ลดโทษฟันอัตโนมัติ 5% ต่อระดับ (โทษขั้นต่ำ 25%),Rebirth,
Carry +1 pet per tier (max 6 pets),Carry +1 pet per tier (max 6 pets),พาสัตว์เลี้ยง +1 ตัวต่อระดับ (สูงสุด 6 ตัว),Rebirth,
Collector's Luck,Collector's Luck,โชคนักสะสม,Rebirth,
Companion,Companion,คู่หู,Rebirth,
Cycle Chest,Cycle Chest,หีบวัฏจักร,Rebirth,
Epic+ chest chance +12.5% per tier (with Index max +25%),Epic+ chest chance +12.5% per tier (with Index max +25%),โอกาสหีบมหากาพย์ขึ้นไป +12.5% ต่อระดับ (รวมสมุดสะสมสูงสุด +25%),Rebirth,
Forest Coins +50% per tier (max ×2),Forest Coins +50% per tier (max ×2),เหรียญจากป่า +50% ต่อระดับ (สูงสุด ×2),Rebirth,
Forest Wealth,Forest Wealth,ความมั่งคั่งแห่งป่า,Rebirth,
Run chests gain +1 level per tier,Run chests gain +1 level per tier,หีบจากรอบออกป่า +1 เลเวลต่อระดับ,Rebirth,
Skilled Lumberjack,Skilled Lumberjack,คนตัดไม้ชำนาญ,Rebirth,
Thriving Forest,Thriving Forest,ป่ารุ่งเรือง,Rebirth,
Wood Add 50% per tier (max ×2),Wood Add 50% per tier (max ×2),ไม้ +50% ต่อระดับ (สูงสุด ×2),Rebirth,
Buy • {1} Token,Buy • {1} Token,ซื้อ • {1} โทเคน,RebirthController,
Confirm,Confirm,ยืนยัน,RebirthController,
Confirm Rebirth,Confirm Rebirth,ยืนยันการเกิดใหม่,RebirthController,
"Cycle {1} • Permanent Power ×{2} • Rot ×{3}
{4} Token • Defeat the boss in zone {5} + {6} Coins • Earned {7} Token","Cycle {1} • Permanent Power ×{2} • Rot ×{3}
{4} Token • Defeat the boss in zone {5} + {6} Coins • Earned {7} Token","วัฏจักร {1} • พลังถาวร ×{2} • Rot ×{3}
{4} โทเคน • ปราบบอสโซน {5} + {6} เหรียญ • ได้ {7} โทเคน",RebirthController,
Max tier,Max tier,ระดับสูงสุด,RebirthController,
New Cycle • REBIRTH,New Cycle • REBIRTH,วัฏจักรใหม่ • เกิดใหม่,RebirthController,
Prepare,Prepare,เตรียมตัว,RebirthController,
REBIRTH,REBIRTH,เกิดใหม่,RebirthController,
"Resets Coins, Wood, zones/story, base upgrades and uncollected pen income

Keeps weapons, pets, eggs, chests, Gems, Index, garden trees and permanent skills
Trees beyond starting slots still bear fruit. Buy back slots before replanting","Resets Coins, Wood, zones/story, base upgrades and uncollected pen income

Keeps weapons, pets, eggs, chests, Gems, Index, garden trees and permanent skills
Trees beyond starting slots still bear fruit. Buy back slots before replanting","รีเซ็ตเหรียญ ไม้ โซน/เนื้อเรื่อง การอัปเกรดฐาน และรายได้คอกที่ยังไม่เก็บ

เก็บอาวุธ สัตว์เลี้ยง ไข่ หีบ เพชร สมุดสะสม ต้นไม้ในสวน และสกิลถาวรไว้
ต้นไม้ที่เกินช่องเริ่มต้นยังออกผลได้ ซื้อช่องคืนก่อนปลูกใหม่",RebirthController,
Run,Run,ออกป่า,RebirthController,
Start New Cycle,Start New Cycle,เริ่มวัฏจักรใหม่,RebirthController,
Start a New Cycle?,Start a New Cycle?,เริ่มวัฏจักรใหม่ไหม?,RebirthController,
"Confirm resetting Coins, Wood, zones and base upgrades","Confirm resetting Coins, Wood, zones and base upgrades",ยืนยันการรีเซ็ตเหรียญ ไม้ โซน และการอัปเกรดฐาน,RebirthService,
Confirmation expired,Confirmation expired,การยืนยันหมดเวลา,RebirthService,
Cycle changed. Please confirm again,Cycle changed. Please confirm again,วัฏจักรเปลี่ยนแล้ว กรุณายืนยันอีกครั้ง,RebirthService,
Cycle limit reached,Cycle limit reached,ถึงจำนวนวัฏจักรสูงสุดแล้ว,RebirthService,
Defeat boss in zone {1} in this cycle first,Defeat boss in zone {1} in this cycle first,ปราบบอสโซน {1} ในวัฏจักรนี้ก่อน,RebirthService,
Deliver or return the egg you are carrying first,Deliver or return the egg you are carrying first,ส่งหรือคืนไข่ที่ถืออยู่ก่อน,RebirthService,
Egg theft in progress. Resolve it first,Egg theft in progress. Resolve it first,กำลังมีการขโมยไข่ จัดการให้เสร็จก่อน,RebirthService,
End your run before starting a new cycle,End your run before starting a new cycle,จบรอบออกป่าก่อนเริ่มวัฏจักรใหม่,RebirthService,
Please confirm again,Please confirm again,กรุณายืนยันอีกครั้ง,RebirthService,
Ready for a New Cycle,Ready for a New Cycle,พร้อมเริ่มวัฏจักรใหม่,RebirthService,
Rebirth Token Not enough,Rebirth Token Not enough,โทเคนเกิดใหม่ไม่พอ,RebirthService,
Rebirth unavailable,Rebirth unavailable,ระบบเกิดใหม่ยังไม่พร้อม,RebirthService,
Skill already maxed,Skill already maxed,สกิลสูงสุดแล้ว,RebirthService,
Skill not found or system disabled,Skill not found or system disabled,ไม่พบสกิลหรือระบบปิดอยู่,RebirthService,
Skill tier changed. Please refresh,Skill tier changed. Please refresh,ระดับสกิลเปลี่ยนแล้ว กรุณารีเฟรช,RebirthService,
Starting cycle {1} done! +{2} Rebirth Token,Starting cycle {1} done! +{2} Rebirth Token,เริ่มวัฏจักร {1} แล้ว! +{2} โทเคนเกิดใหม่,RebirthService,
Upgrade {1} to tier {2},Upgrade {1} to tier {2},อัปเกรด {1} เป็นระดับ {2},RebirthService,
Wait for your character to spawn,Wait for your character to spawn,รอให้ตัวละครเกิดก่อน,RebirthService,
Boosts,Boosts,บูสต์,RewardService,
 • Studio store, • Studio store, • ร้านในสตูดิโอ,RewardsController,
%1 Chest Lv,%1 Chest Lv,หีบ%1 Lv,RewardsController,
"Active boosts
{1}","Active boosts
{1}","บูสต์ที่ใช้งานอยู่
{1}",RewardsController,
Boards,Boards,กระดาน,RewardsController,
Claim,Claim,รับ,RewardsController,
Claim Today,Claim Today,รับวันนี้,RewardsController,
Claimed,Claimed,รับแล้ว,RewardsController,
Codes,Codes,โค้ด,RewardsController,
Daily,Daily,รายวัน,RewardsController,
Daily reset: 00:00 UTC • Missing a day resets your streak,Daily reset: 00:00 UTC • Missing a day resets your streak,รีเซ็ตรายวัน: 00:00 UTC • ขาดหนึ่งวันสตรีคจะเริ่มใหม่,RewardsController,
Day {1},Day {1},วันที่ {1},RewardsController,
Day{1},Day{1},Day{1},RewardsController,
Enter Code,Enter Code,ใส่โค้ด,RewardsController,
"Enter a code for Gems, chests or boosts
Each code can be redeemed once and has an expiry date","Enter a code for Gems, chests or boosts
Each code can be redeemed once and has an expiry date","ใส่โค้ดเพื่อรับเพชร หีบ หรือบูสต์
แต่ละโค้ดใช้ได้ครั้งเดียวและมีวันหมดอายุ",RewardsController,
Epic,Epic,มหากาพย์,RewardsController,
Global,Global,ทั่วโลก,RewardsController,
Global ≈ • {1},Global ≈ • {1},ทั่วโลก ≈ • {1},RewardsController,
Leaderboard,Leaderboard,กระดานอันดับ,RewardsController,
Login Streak: <font color='#FFD24A'>{1} day{2}</font>,Login Streak: <font color='#FFD24A'>{1} day{2}</font>,ล็อกอินต่อเนื่อง: <font color='#FFD24A'>{1} วัน{2}</font>,RewardsController,
No active timed boosts,No active timed boosts,ไม่มีบูสต์จับเวลาที่ใช้งานอยู่,RewardsController,
No eligible rankings yet,No eligible rankings yet,ยังไม่มีอันดับที่เข้าเกณฑ์,RewardsController,
Rank{1},Rank{1},Rank{1},RewardsController,
Redeem,Redeem,แลกรับ,RewardsController,
Refresh,Refresh,รีเฟรช,RewardsController,
Rewards / Leaderboard,Rewards / Leaderboard,รางวัล / กระดานอันดับ,RewardsController,
Season {1} • {2}{3},Season {1} • {2}{3},ซีซัน {1} • {2}{3},RewardsController,
Server,Server,เซิร์ฟเวอร์,RewardsController,
This server,This server,เซิร์ฟเวอร์นี้,RewardsController,
This server • Actual values,This server • Actual values,เซิร์ฟเวอร์นี้ • ค่าจริง,RewardsController,
Today,Today,วันนี้,RewardsController,
Wood,Wood,ไม้,RewardsController,
{1} ×2 • {2} min left,{1} ×2 • {2} min left,{1} ×2 • เหลือ {2} นาที,RewardsController,
Common,Common,ธรรมดา,RunService,
End,End,จบ,RunService,
Model,Model,Model,RunService,
Play,Play,เล่น,RunService,
Return to the village and put down your egg before entering the forest,Return to the village and put down your egg before entering the forest,กลับหมู่บ้านและวางไข่ก่อนเข้าป่า,RunService,
Chests {1} Lv.{2},Chests {1} Lv.{2},หีบ{1} Lv.{2},Season,
Season 1 • First Bloom,Season 1 • First Bloom,ซีซัน 1 • ผลิบานแรก,Season,
Season 2 • Moonlit Forest,Season 2 • Moonlit Forest,ซีซัน 2 • ป่าแสงจันทร์,Season,
Season 3 • Silver Snow Forest,Season 3 • Silver Snow Forest,ซีซัน 3 • ป่าหิมะเงิน,Season,
Season 4 • Lantern Grove,Season 4 • Lantern Grove,ซีซัน 4 • ป่าโคมไฟ,Season,
{1} Gems,{1} Gems,{1} เพชร,Season,
{1} ×2 • {2} min,{1} ×2 • {2} min,{1} ×2 • {2} นาที,Season,
Buy Premium • {1},Buy Premium • {1},ซื้อพรีเมียม • {1},SeasonController,
Claim All,Claim All,รับทั้งหมด,SeasonController,
Claim • {1},Claim • {1},รับ • {1},SeasonController,
Free,Free,ฟรี,SeasonController,
Level{1},Level{1},Level{1},SeasonController,
No active season. Wait for the next season,No active season. Wait for the next season,ไม่มีซีซันที่เปิดอยู่ รอซีซันถัดไป,SeasonController,
Premium,Premium,พรีเมียม,SeasonController,
Premium ✓ Unlocked,Premium ✓ Unlocked,พรีเมียม ✓ ปลดล็อกแล้ว,SeasonController,
Prompt,Prompt,Prompt,SeasonController,
Season Pass • {1},Season Pass • {1},ซีซันพาส • {1},SeasonController,
Invalid level,Invalid level,เลเวลไม่ถูกต้อง,SeasonService,
No active season,No active season,ไม่มีซีซันที่เปิดอยู่,SeasonService,
No rewards available,No rewards available,ไม่มีรางวัลให้รับ,SeasonService,
No season currently on sale,No season currently on sale,ไม่มีซีซันที่วางขายตอนนี้,SeasonService,
Premium owned for {1} done,Premium owned for {1} done,มีพรีเมียมของ {1} แล้ว,SeasonService,
Received {1},Received {1},ได้รับ {1},SeasonService,
Requires Season Pass Premium,Requires Season Pass Premium,ต้องมีซีซันพาสพรีเมียม,SeasonService,
Reward claimed {1} entries,Reward claimed {1} entries,รับรางวัล {1} รายการ,SeasonService,
Reward not available yet,Reward not available yet,ยังรับรางวัลนี้ไม่ได้,SeasonService,
Season Pass Level {1}! Open Season to claim rewards,Season Pass Level {1}! Open Season to claim rewards,ซีซันพาสเลเวล {1}! เปิดหน้าซีซันเพื่อรับรางวัล,SeasonService,
Season Pass Unavailable,Season Pass Unavailable,ซีซันพาสยังไม่พร้อม,SeasonService,
Season ended or Premium already owned. Received {1} Gems instead,Season ended or Premium already owned. Received {1} Gems instead,ซีซันจบแล้วหรือมีพรีเมียมอยู่แล้ว ได้รับ {1} เพชรแทน,SeasonService,
Stats,Stats,Stats,SeasonService,
Unlock Season Pass Premium • {1},Unlock Season Pass Premium • {1},ปลดล็อกซีซันพาสพรีเมียม • {1},SeasonService,
Crystal Pine,Crystal Pine,สนคริสตัล,Seeds,config
Frost Pear,Frost Pear,ลูกแพร์น้ำค้าง,Seeds,config
Lumora,Lumora,ลูมอรา,Seeds,config
Maple Sap,Maple Sap,เมเปิลน้ำผึ้ง,Seeds,config
Moon Bamboo,Moon Bamboo,ไผ่จันทรา,Seeds,config
Sakura Gem,Sakura Gem,ซากุระแก้ว,Seeds,config
Sunapple,Sunapple,แอปเปิลแสงอาทิตย์,Seeds,config
Thunderroot,Thunderroot,รากสายฟ้า,Seeds,config
<font color='#FACC15'>[VIP]</font> {1},<font color='#FACC15'>[VIP]</font> {1},<font color='#FACC15'>[VIP]</font> {1},ShopController,
Chest Key,Chest Key,กุญแจหีบ,ShopController,
"Chest luck for the whole server
for {1} minutes.","Chest luck for the whole server
for {1} minutes.","โชคหีบสำหรับทั้งเซิร์ฟเวอร์
นาน {1} นาที",ShopController,
"Double Coins
for {1} minutes.","Double Coins
for {1} minutes.","เหรียญสองเท่า
นาน {1} นาที",ShopController,
"Double EXP
for {1} minutes.","Double EXP
for {1} minutes.","EXP สองเท่า
นาน {1} นาที",ShopController,
"Double Wood
for {1} minutes.","Double Wood
for {1} minutes.","ไม้สองเท่า
นาน {1} นาที",ShopController,
"Finish growing your
garden trees now.","Finish growing your
garden trees now.","ทำให้ต้นไม้ในสวน
โตเต็มที่ทันที",ShopController,
"Finish the eggs in
your incubator now.","Finish the eggs in
your incubator now.","ฟักไข่ใน
ตู้ฟักให้เสร็จทันที",ShopController,
Gamepasses,Gamepasses,เกมพาส,ShopController,
Gems for your adventures.,Gems for your adventures.,เพชรสำหรับการผจญภัย,ShopController,
"Improve chest luck
for {1} minutes.","Improve chest luck
for {1} minutes.","เพิ่มโชคหีบ
นาน {1} นาที",ShopController,
"Legendary Chest
Level 10","Legendary Chest
Level 10","หีบตำนาน
เลเวล 10",ShopController,
"Lock your base
right away.","Lock your base
right away.","ล็อกฐาน
ทันที",ShopController,
Open Warp,Open Warp,เปิดวาร์ป,ShopController,
Passes,Passes,พาส,ShopController,
Permanent upgrades,Permanent upgrades,อัปเกรดถาวร,ShopController,
Products,Products,สินค้า,ShopController,
Repeatable purchases,Repeatable purchases,ซื้อซ้ำได้,ShopController,
Robux Shop,Robux Shop,ร้าน Robux,ShopController,
Teleport,Teleport,เทเลพอร์ต,ShopController,
Warp,Warp,วาร์ป,ShopController,
✓ Owned,✓ Owned,✓ มีแล้ว,ShopController,
RUN,RUN,วิ่ง,SprintController,
BaseBarrier{1},BaseBarrier{1},BaseBarrier{1},StealService,
BaseOwner{1},BaseOwner{1},BaseOwner{1},StealService,
Cooldown remaining {1} sec,Cooldown remaining {1} sec,คูลดาวน์เหลือ {1} วิ,StealService,
Default,Default,ค่าเริ่มต้น,StealService,
EGG THIEF,EGG THIEF,ขโมยไข่,StealService,
Egg bag full. Egg returned,Egg bag full. Egg returned,ถุงไข่เต็ม ไข่ถูกส่งคืน,StealService,
Egg reclaimed!,Egg reclaimed!,ชิงไข่คืนแล้ว!,StealService,
Egg stolen! Run back to your base (speed reduced by {1}%),Egg stolen! Run back to your base (speed reduced by {1}%),ขโมยไข่สำเร็จ! วิ่งกลับฐาน (ความเร็วลดลง {1}%),StealService,
End your run before stealing eggs,End your run before stealing eggs,จบรอบก่อนขโมยไข่,StealService,
Friends can steal eggs,Friends can steal eggs,เพื่อนขโมยไข่ได้,StealService,
Friends cannot steal eggs,Friends cannot steal eggs,เพื่อนขโมยไข่ไม่ได้,StealService,
Friends cannot steal your eggs,Friends cannot steal your eggs,เพื่อนขโมยไข่ของคุณไม่ได้,StealService,
Guard chased you away! Wait {1} sec before trying this base again,Guard chased you away! Wait {1} sec before trying this base again,ผู้เฝ้าไล่คุณไปแล้ว! รอ {1} วิ ก่อนลองฐานนี้อีกครั้ง,StealService,
Guard chased {1} away!,Guard chased {1} away!,ผู้เฝ้าไล่ {1} ไปแล้ว!,StealService,
Lock Base {1} sec,Lock Base {1} sec,ล็อกฐาน {1} วิ,StealService,
Lock your base from your own base,Lock your base from your own base,ล็อกฐานได้จากฐานของคุณเท่านั้น,StealService,
Move closer to the incubator first,Move closer to the incubator first,เข้าใกล้ตู้ฟักก่อน,StealService,
Move closer to the thief first,Move closer to the thief first,เข้าใกล้ขโมยก่อน,StealService,
"No stealable egg (empty, over 75% hatched or protected)","No stealable egg (empty, over 75% hatched or protected)",ไม่มีไข่ให้ขโมย (ว่าง ฟักเกิน 75% หรือถูกป้องกัน),StealService,
No stealable eggs in this incubator,No stealable eggs in this incubator,ไม่มีไข่ให้ขโมยในตู้ฟักนี้,StealService,
Only the egg owner can reclaim it,Only the egg owner can reclaim it,เฉพาะเจ้าของไข่ที่ชิงคืนได้,StealService,
Presence,Presence,Presence,StealService,
Reclaim,Reclaim,ชิงคืน,StealService,
Reclaim Egg,Reclaim Egg,ชิงไข่คืน,StealService,
TEST THIEF,TEST THIEF,ขโมยทดสอบ,StealService,
Test Bot Base,Test Bot Base,ฐานบอททดสอบ,StealService,
Test thief escaped. Egg returned (test mode),Test thief escaped. Egg returned (test mode),ขโมยทดสอบหนีไปได้ ไข่ถูกส่งคืน (โหมดทดสอบ),StealService,
Test thief escaping! Chase and press E,Test thief escaping! Chase and press E,ขโมยทดสอบกำลังหนี! ไล่ตามแล้วกด E,StealService,
Test thief spawned,Test thief spawned,สร้างขโมยทดสอบแล้ว,StealService,
The owner left. Egg returned to its incubator,The owner left. Egg returned to its incubator,เจ้าของออกจากเกม ไข่กลับไปที่ตู้ฟัก,StealService,
The owner reclaimed the egg,The owner reclaimed the egg,เจ้าของชิงไข่คืนแล้ว,StealService,
Theft canceled. Egg returned to its incubator,Theft canceled. Egg returned to its incubator,ยกเลิกการขโมย ไข่กลับไปที่ตู้ฟัก,StealService,
Theft successful! Received {1} +{2} Coins,Theft successful! Received {1} +{2} Coins,ขโมยสำเร็จ! ได้รับ {1} +{2} เหรียญ,StealService,
Thief not found,Thief not found,ไม่พบขโมย,StealService,
This base has a shield,This base has a shield,ฐานนี้มีโล่,StealService,
This base has no owner,This base has no owner,ฐานนี้ไม่มีเจ้าของ,StealService,
This base is locked,This base is locked,ฐานนี้ล็อกอยู่,StealService,
This is your base,This is your base,นี่คือฐานของคุณ,StealService,
Wait {1} sec before stealing from this base again,Wait {1} sec before stealing from this base again,รอ {1} วิ ก่อนขโมยจากฐานนี้อีกครั้ง,StealService,
You need a base first,You need a base first,คุณต้องมีฐานก่อน,StealService,
You need your own base first,You need your own base first,คุณต้องมีฐานของตัวเองก่อน,StealService,
{1} stole an egg from your incubator! Chase them and press E to reclaim it,{1} stole an egg from your incubator! Chase them and press E to reclaim it,{1} ขโมยไข่จากตู้ฟักของคุณ! ไล่ตามแล้วกด E เพื่อชิงคืน,StealService,
{1} stole your egg! Lock your base to protect it,{1} stole your egg! Lock your base to protect it,{1} ขโมยไข่ของคุณ! ล็อกฐานเพื่อป้องกัน,StealService,
...Visitor detected. Threat level to Rot: high.,...Visitor detected. Threat level to Rot: high.,...ตรวจพบผู้มาเยือน ระดับภัยต่อความเน่า: สูง,Story,
A new face! Welcome to Rootfall Village.,A new face! Welcome to Rootfall Village.,หน้าใหม่! ยินดีต้อนรับสู่หมู่บ้านรูทฟอลล์,Story,
A visitor from the village! I am Myco. I have tended this marsh for three hundred years.,A visitor from the village! I am Myco. I have tended this marsh for three hundred years.,ผู้มาเยือนจากหมู่บ้าน! ข้าคือไมโค ข้าดูแลบึงนี้มาสามร้อยปีแล้ว,Story,
Aunt Myco,Aunt Myco,ป้าไมโค,Story,
Bamboo tastes best with a little lightning.,Bamboo tastes best with a little lightning.,ไผ่จะอร่อยที่สุดเมื่อมีสายฟ้านิดหน่อย,Story,
Blossom Ronin trained alongside me. The Rot has consumed his heart.,Blossom Ronin trained alongside me. The Rot has consumed his heart.,โรนินแห่งดอกไม้ฝึกมากับข้า ความเน่ากลืนกินหัวใจเขาไปแล้ว,Story,
Blue mushrooms are edible. Avoid the purple ones. Green ones... find out yourself!,Blue mushrooms are edible. Avoid the purple ones. Green ones... find out yourself!,เห็ดสีฟ้ากินได้ เลี่ยงสีม่วงไว้ ส่วนสีเขียว... ลองเองนะ!,Story,
"Borin, Ice Hunter","Borin, Ice Hunter",โบริน นักล่าน้ำแข็ง,Story,
Bram,Bram,แบรม,Story,
Chapter 1 • Sunlit Meadow,Chapter 1 • Sunlit Meadow,บทที่ 1 • ทุ่งหญ้าแสงแดด,Story,
Chapter 2 • Maple Forest,Chapter 2 • Maple Forest,บทที่ 2 • ป่าเมเปิล,Story,
Chapter {1} • {2},Chapter {1} • {2},บทที่ {1} • {2},Story,
Cherry blossoms last only a moment. Take time to admire them.,Cherry blossoms last only a moment. Take time to admire them.,ซากุระบานเพียงชั่วครู่ ใช้เวลาชื่นชมมันบ้าง,Story,
Chop 60 trees,Chop 60 trees,ตัดต้นไม้ 60 ต้น,Story,
Chop the infected bamboo to weaken it.,Chop the infected bamboo to weaken it.,ตัดไผ่ที่ติดเชื้อเพื่อทำให้มันอ่อนแอ,Story,
"Chop the infected trees, then go knock on her door!","Chop the infected trees, then go knock on her door!",ตัดต้นไม้ที่ติดเชื้อ แล้วไปเคาะประตูบ้านเธอ!,Story,
Chop trees in Maple Forest,Chop trees in Maple Forest,ตัดต้นไม้ในป่าเมเปิล,Story,
Chop trees in the forest,Chop trees in the forest,ตัดต้นไม้ในป่า,Story,
Chop trees in {1},Chop trees in {1},ตัดต้นไม้ใน{1},Story,
Chopping infected pines will warm you up. Trust me.,Chopping infected pines will warm you up. Trust me.,ตัดสนที่ติดเชื้อแล้วจะอุ่นขึ้น เชื่อข้าสิ,Story,
Crystal light restored. System status: satisfied.,Crystal light restored. System status: satisfied.,ฟื้นฟูแสงคริสตัลแล้ว สถานะระบบ: พอใจ,Story,
Defeat Maple Colossus,Defeat Maple Colossus,ปราบยักษ์เมเปิล,Story,
Defeat Old Oakheart in the boss clearing,Defeat Old Oakheart in the boss clearing,ปราบต้นโอ๊กชราในลานบอส,Story,
Defeat a zone boss once,Defeat a zone boss once,ปราบบอสโซนหนึ่งครั้ง,Story,
Defeat {1},Defeat {1},ปราบ {1},Story,
Do not leave incubator eggs unprotected. Lock your base!,Do not leave incubator eggs unprotected. Lock your base!,อย่าปล่อยไข่ในตู้ฟักไว้โดยไม่ป้องกัน ล็อกฐานด้วย!,Story,
Do not lick the ice pillars. You have been warned.,Do not lick the ice pillars. You have been warned.,อย่าเลียเสาน้ำแข็ง เตือนแล้วนะ,Story,
Enter Maple Forest through the Rot gate,Enter Maple Forest through the Rot gate,เข้าป่าเมเปิลผ่านประตูความเน่า,Story,
Enter {1},Enter {1},เข้าสู่{1},Story,
Every fallen leaf will return as a seed.,Every fallen leaf will return as a seed.,ใบไม้ทุกใบที่ร่วงจะกลับมาเป็นเมล็ด,Story,
Frost Warden froze the shrine beneath the glacier.,Frost Warden froze the shrine beneath the glacier.,ผู้คุมน้ำแข็งแช่แข็งศาลเจ้าไว้ใต้ธารน้ำแข็ง,Story,
Grandpa Bram,Grandpa Bram,ปู่แบรม,Story,
Green light rises from the shrine. The Rot retreats.,Green light rises from the shrine. The Rot retreats.,แสงสีเขียวพุ่งขึ้นจากศาลเจ้า ความเน่าถอยร่น,Story,
"Halt! ...Oh, a person. I thought you were a snowman.","Halt! ...Oh, a person. I thought you were a snowman.",หยุด! ...อ้าว คนนี่เอง นึกว่ามนุษย์หิมะ,Story,
"Hana, Sakura Keeper","Hana, Sakura Keeper",ฮานะ ผู้ดูแลซากุระ,Story,
Harvest fruit 8 times,Harvest fruit 8 times,เก็บเกี่ยวผลไม้ 8 ครั้ง,Story,
Hatch 2 eggs,Hatch 2 eggs,ฟักไข่ 2 ฟอง,Story,
Hatch an egg at your base incubator,Hatch an egg at your base incubator,ฟักไข่ที่ตู้ฟักในฐานของคุณ,Story,
I am not lazy. I am recharging.,I am not lazy. I am recharging.,ข้าไม่ได้ขี้เกียจ ข้ากำลังชาร์จพลัง,Story,
I am not old. I have simply seen many rainy seasons.,I am not old. I have simply seen many rainy seasons.,ข้าไม่ได้แก่ ข้าแค่ผ่านฤดูฝนมาเยอะ,Story,
"I have no heart, but I have quartz. Close enough.","I have no heart, but I have quartz. Close enough.",ข้าไม่มีหัวใจ แต่มีควอตซ์ ก็ใกล้เคียงกัน,Story,
I once caught fish with my bare hands. They were too cold to flee.,I once caught fish with my bare hands. They were too cold to flee.,ครั้งหนึ่งข้าจับปลาด้วยมือเปล่า มันหนาวจนหนีไม่ไหว,Story,
Light the Maple shrine,Light the Maple shrine,จุดศาลเจ้าเมเปิล,Story,
Light the Meadow shrine,Light the Meadow shrine,จุดศาลเจ้าทุ่งหญ้า,Story,
Light the shrine in {1},Light the shrine in {1},จุดศาลเจ้าใน{1},Story,
Lightning strikes the bamboo forest every minute. An umbrella will not help.,Lightning strikes the bamboo forest every minute. An umbrella will not help.,ฟ้าผ่าป่าไผ่ทุกนาที ร่มช่วยอะไรไม่ได้หรอก,Story,
Log: Humans enjoy pressing the talk button repeatedly.,Log: Humans enjoy pressing the talk button repeatedly.,บันทึก: มนุษย์ชอบกดปุ่มคุยซ้ำ ๆ,Story,
"Lumi, Spirit of Lumora","Lumi, Spirit of Lumora",ลูมิ วิญญาณแห่งลูมอรา,Story,
My roots no longer hurt. All eight forests breathe together.,My roots no longer hurt. All eight forests breathe together.,รากของข้าไม่เจ็บอีกแล้ว ป่าทั้งแปดหายใจไปพร้อมกัน,Story,
Open 5 chests,Open 5 chests,เปิดหีบ 5 ใบ,Story,
Plant 3 seeds,Plant 3 seeds,ปลูกเมล็ด 3 เมล็ด,Story,
Plant a seed in your garden,Plant a seed in your garden,ปลูกเมล็ดในสวนของคุณ,Story,
Plant trees at your base so the forest can return.,Plant trees at your base so the forest can return.,ปลูกต้นไม้ที่ฐานเพื่อให้ป่ากลับคืนมา,Story,
Please free him with your axe.,Please free him with your axe.,ช่วยปลดปล่อยเขาด้วยขวานของเจ้าที,Story,
Prism Titan bends the light of seven shrines toward Lumora Island.,Prism Titan bends the light of seven shrines toward Lumora Island.,ไททันปริซึมหักเหแสงจากศาลเจ้าทั้งเจ็ดไปยังเกาะลูมอรา,Story,
"Purple Rot flows from Lumora roots, consuming our forest one tree at a time.","Purple Rot flows from Lumora roots, consuming our forest one tree at a time.",ความเน่าสีม่วงไหลออกจากรากลูมอรา กลืนกินป่าของเราทีละต้น,Story,
"Quartz, Crystal Golem","Quartz, Crystal Golem",ควอตซ์ โกเลมคริสตัล,Story,
"Raiko, Thunder Panda","Raiko, Thunder Panda",ไรโกะ แพนด้าสายฟ้า,Story,
Report back to Grandpa Bram,Report back to Grandpa Bram,กลับไปรายงานปู่แบรม,Story,
Report to {1},Report to {1},รายงานต่อ {1},Story,
Rotbound Lumora is my infected form. Please set me free.,Rotbound Lumora is my infected form. Please set me free.,ลูมอราผู้ถูกพันธนาการคือร่างที่ติดเชื้อของข้า ได้โปรดปลดปล่อยข้า,Story,
"Stop it, and the path to the sky will open.","Stop it, and the path to the sky will open.",หยุดมันให้ได้ แล้วทางสู่ท้องฟ้าจะเปิดออก,Story,
Stormstalk drains lightning from every bamboo stalk to feed the Rot.,Stormstalk drains lightning from every bamboo stalk to feed the Rot.,ก้านพายุดูดสายฟ้าจากไผ่ทุกต้นไปเลี้ยงความเน่า,Story,
Take this axe. Enter the forest gate and chop infected trees.,Take this axe. Enter the forest gate and chop infected trees.,รับขวานนี้ไป เข้าประตูป่าแล้วตัดต้นไม้ที่ติดเชื้อ,Story,
Talk to Grandpa Bram in the village,Talk to Grandpa Bram in the village,คุยกับปู่แบรมในหมู่บ้าน,Story,
Thank you for listening to the trees.,Thank you for listening to the trees.,ขอบใจที่ฟังเสียงต้นไม้,Story,
The Rot gate to Maple Forest is now open to you.,The Rot gate to Maple Forest is now open to you.,ประตูความเน่าสู่ป่าเมเปิลเปิดให้เจ้าแล้ว,Story,
The Rot is my pain spilling into the forests below.,The Rot is my pain spilling into the forests below.,ความเน่าคือความเจ็บปวดของข้าที่ไหลลงสู่ป่าเบื้องล่าง,Story,
The Withering has ended... for this cycle.,The Withering has ended... for this cycle.,ความเหี่ยวเฉาสิ้นสุดแล้ว... สำหรับวัฏจักรนี้,Story,
The best sword is one never drawn... but an axe must swing.,The best sword is one never drawn... but an axe must swing.,ดาบที่ดีที่สุดคือดาบที่ไม่ต้องชัก... แต่ขวานต้องเหวี่ยง,Story,
The blossoms are pink again. Thank you.,The blossoms are pink again. Thank you.,ซากุระกลับเป็นสีชมพูอีกครั้ง ขอบคุณนะ,Story,
The crystal ridge ahead is dazzling. Keep your eyes narrowed.,The crystal ridge ahead is dazzling. Keep your eyes narrowed.,สันเขาคริสตัลข้างหน้าแสบตามาก หรี่ตาไว้,Story,
The floating island is the source of the Rot... and of all trees.,The floating island is the source of the Rot... and of all trees.,เกาะลอยฟ้าคือต้นกำเนิดของความเน่า... และของต้นไม้ทั้งปวง,Story,
The hill smells of cherry blossoms... and sharp blades. Be careful.,The hill smells of cherry blossoms... and sharp blades. Be careful.,เนินเขานี้หอมกลิ่นซากุระ... และคมดาบ ระวังตัวด้วย,Story,
The ice has melted. The shrine can breathe again.,The ice has melted. The shrine can breathe again.,น้ำแข็งละลายแล้ว ศาลเจ้าหายใจได้อีกครั้ง,Story,
"The lightning has its rhythm back. Look, you can dance to it!","The lightning has its rhythm back. Look, you can dance to it!",สายฟ้ากลับมามีจังหวะแล้ว ดูสิ เต้นตามได้เลย!,Story,
The marsh shrine shines again! My mushrooms can sing once more.,The marsh shrine shines again! My mushrooms can sing once more.,ศาลเจ้าแห่งบึงส่องแสงอีกครั้ง! เห็ดของข้าร้องเพลงได้อีกแล้ว,Story,
The next zone is now open!,The next zone is now open!,โซนถัดไปเปิดแล้ว!,Story,
The north is freezing. Want my scarf? ...It is mostly fur.,The north is freezing. Want my scarf? ...It is mostly fur.,ทางเหนือหนาวจัด เอาผ้าพันคอข้าไหม? ...ส่วนใหญ่เป็นขนนะ,Story,
The trees told me they wanted chopping... Kidding! They want to grow.,The trees told me they wanted chopping... Kidding! They want to grow.,ต้นไม้บอกข้าว่าอยากถูกตัด... ล้อเล่น! พวกมันอยากเติบโต,Story,
"These glowing mushrooms eat Rot, but Sporemother has eaten all my mushrooms.","These glowing mushrooms eat Rot, but Sporemother has eaten all my mushrooms.",เห็ดเรืองแสงพวกนี้กินความเน่า แต่แม่สปอร์กินเห็ดของข้าไปหมดแล้ว,Story,
"Watch out! Maple leaves keep falling, just like my hair. Ha!","Watch out! Maple leaves keep falling, just like my hair. Ha!",ระวัง! ใบเมเปิลร่วงไม่หยุด เหมือนผมข้าเลย ฮ่า!,Story,
"When I was young, I chopped trees with a spoon... Believe what you like.","When I was young, I chopped trees with a spoon... Believe what you like.",ตอนหนุ่ม ๆ ข้าตัดต้นไม้ด้วยช้อน... จะเชื่อก็ได้นะ,Story,
"When you are ready, Rebirth and protect the forest again with greater strength.","When you are ready, Rebirth and protect the forest again with greater strength.",เมื่อพร้อมแล้ว จงเกิดใหม่และปกป้องป่าอีกครั้งด้วยพลังที่ยิ่งใหญ่กว่าเดิม,Story,
Why do trees avoid card games? They are afraid of getting cut!,Why do trees avoid card games? They are afraid of getting cut!,ทำไมต้นไม้ไม่เล่นไพ่? กลัวโดนตัด!,Story,
"You cleansed the marsh, did you? I am Hana.","You cleansed the marsh, did you? I am Hana.",เจ้าชำระล้างบึงแล้วสินะ? ข้าคือฮานะ,Story,
You defeated Old Oakheart! The Meadow shrine shines again.,You defeated Old Oakheart! The Meadow shrine shines again.,เจ้าปราบต้นโอ๊กชราได้แล้ว! ศาลเจ้าทุ่งหญ้าส่องแสงอีกครั้ง,Story,
"You finally made it... I am Lumi, the last voice of the mother tree Lumora.","You finally made it... I am Lumi, the last voice of the mother tree Lumora.",ในที่สุดเจ้าก็มาถึง... ข้าคือลูมิ เสียงสุดท้ายของต้นไม้แม่ลูมอรา,Story,
Zap! My fur stands up from static electricity. I am not scared!,Zap! My fur stands up from static electricity. I am not scared!,ซ่า! ขนข้าตั้งเพราะไฟฟ้าสถิต ข้าไม่ได้กลัวนะ!,Story,
"
Zone available in Phase 7","
Zone available in Phase 7","
โซนเปิดใน Phase 7",StoryController,
 (Phase 7), (Phase 7), (Phase 7),StoryController,
Achievements,Achievements,ความสำเร็จ,StoryController,
Available in Phase 7,Available in Phase 7,เปิดใน Phase 7,StoryController,
Camera,Camera,กล้อง,StoryController,
Chapter,Chapter,บทที่,StoryController,
Claim +{1} Gems,Claim +{1} Gems,รับ +{1} เพชร,StoryController,
Claim reward & title,Claim reward & title,รับรางวัลและฉายา,StoryController,
Collected,Collected,เก็บแล้ว,StoryController,
Current,Current,ปัจจุบัน,StoryController,
Daily Quests,Daily Quests,ภารกิจรายวัน,StoryController,
"Discover: +1 Gem • Complete a category: +50 Gems
Your collection stays after Rebirth","Discover: +1 Gem • Complete a category: +50 Gems
Your collection stays after Rebirth","ค้นพบ: +1 เพชร • สะสมครบหมวด: +50 เพชร
ของสะสมยังอยู่หลังเกิดใหม่",StoryController,
GUARDIAN,GUARDIAN,ผู้พิทักษ์,StoryController,
Guardian cleansed!,Guardian cleansed!,ชำระล้างผู้พิทักษ์แล้ว!,StoryController,
Harvests,Harvests,การเก็บเกี่ยว,StoryController,
Home,Home,บ้าน,StoryController,
"Home
Return to your base","Home
Return to your base","บ้าน
กลับไปที่ฐานของคุณ",StoryController,
Incomplete,Incomplete,ยังไม่ครบ,StoryController,
Index,Index,สมุดสะสม,StoryController,
Main,Main,หลัก,StoryController,
Main Quests,Main Quests,ภารกิจหลัก,StoryController,
Main Story Complete,Main Story Complete,เนื้อเรื่องหลักจบแล้ว,StoryController,
Mutation,Mutation,การกลายพันธุ์,StoryController,
NPC,NPC,NPC,StoryController,
Next,Next,ถัดไป,StoryController,
Now: {1}{2}{3},Now: {1}{2}{3},ตอนนี้: {1}{2}{3},StoryController,
Quests • Index • Warp,Quests • Index • Warp,ภารกิจ • สมุดสะสม • วาร์ป,StoryController,
Remove your displayed title,Remove your displayed title,ถอดฉายาที่แสดงอยู่,StoryController,
Reward claimed,Reward claimed,รับรางวัลแล้ว,StoryController,
Rewards {1} Gems,Rewards {1} Gems,รางวัล {1} เพชร,StoryController,
"Rootfall Village
End your current run and return home","Rootfall Village
End your current run and return home","หมู่บ้านรูทฟอลล์
จบรอบปัจจุบันแล้วกลับบ้าน",StoryController,
Select Title,Select Title,เลือกฉายา,StoryController,
Shrine,Shrine,ศาลเจ้า,StoryController,
Step{1},Step{1},Step{1},StoryController,
Story,Story,เนื้อเรื่อง,StoryController,
System disabled,System disabled,ระบบปิดอยู่,StoryController,
Title Equipped,Title Equipped,สวมฉายาแล้ว,StoryController,
Trees / Seeds,Trees / Seeds,ต้นไม้ / เมล็ด,StoryController,
Undiscovered,Undiscovered,ยังไม่ค้นพบ,StoryController,
WORLD BOSS,WORLD BOSS,บอสโลก,StoryController,
Warp and start a run,Warp and start a run,วาร์ปและเริ่มออกป่า,StoryController,
Warp{1},Warp{1},Warp{1},StoryController,
Weekly,Weekly,รายสัปดาห์,StoryController,
Weekly Quests,Weekly Quests,ภารกิจรายสัปดาห์,StoryController,
Zone,Zone,โซน,StoryController,
"Zone {1} • {2}
{3}","Zone {1} • {2}
{3}","โซน {1} • {2}
{3}",StoryController,
{1} studs,{1} studs,{1} สตัด,StoryController,
{1} • Resets in {2} hrs,{1} • Resets in {2} hrs,{1} • รีเซ็ตใน {2} ชม.,StoryController,
"{1} • {2}/{3} • {4} Gems
{5} • {6}","{1} • {2}/{3} • {4} Gems
{5} • {6}","{1} • {2}/{3} • {4} เพชร
{5} • {6}",StoryController,
🔒 Defeat the previous boss and light its shrine,🔒 Defeat the previous boss and light its shrine,🔒 ปราบบอสก่อนหน้าและจุดศาลเจ้าก่อน,StoryController,
🔒 Requires Power {1},🔒 Requires Power {1},🔒 ต้องมีพลัง {1},StoryController,
 — Unlock Zone {1}, — Unlock Zone {1}, — ปลดล็อกโซน {1},StoryService,
"Cycle {1} cycles already... The Rot grows stronger, but so do you!","Cycle {1} cycles already... The Rot grows stronger, but so do you!",ผ่านมา {1} วัฏจักรแล้ว... ความเน่าแข็งแกร่งขึ้น แต่เจ้าก็เช่นกัน!,StoryService,
Defeat {1} before lighting the shrine,Defeat {1} before lighting the shrine,ปราบ {1} ก่อนจุดศาลเจ้า,StoryService,
End Run & Return Home,End Run & Return Home,จบรอบและกลับบ้าน,StoryService,unused
Go to the shrine first,Go to the shrine first,ไปที่ศาลเจ้าก่อน,StoryService,
Light Shrine,Light Shrine,จุดศาลเจ้า,StoryService,
Move closer to the NPC first,Move closer to the NPC first,เข้าใกล้ NPC ก่อน,StoryService,
SHRINE,SHRINE,ศาลเจ้า,StoryService,
Shrine already lit,Shrine already lit,ศาลเจ้าจุดแล้ว,StoryService,
Shrine lit{1},Shrine lit{1},จุดศาลเจ้าแล้ว{1},StoryService,
Story unavailable,Story unavailable,ระบบเนื้อเรื่องยังไม่พร้อม,StoryService,
Talk,Talk,คุย,StoryService,
Talk to {1},Talk to {1},คุยกับ {1},StoryService,
WARP STONE,WARP STONE,หินวาร์ป,StoryService,
Warp to Village,Warp to Village,วาร์ปไปหมู่บ้าน,StoryService,unused
Warped to {1},Warped to {1},วาร์ปไป {1} แล้ว,StoryService,unused
{1} Shrine Lit!,{1} Shrine Lit!,จุดศาลเจ้า{1}แล้ว!,StoryService,
Cannot enter this zone yet,Cannot enter this zone yet,ยังเข้าโซนนี้ไม่ได้,TravelService,
Cannot start run,Cannot start run,เริ่มออกป่าไม่ได้,TravelService,
Cannot travel during combat,Cannot travel during combat,เดินทางระหว่างต่อสู้ไม่ได้,TravelService,
Cannot warp while carrying an egg,Cannot warp while carrying an egg,วาร์ปไม่ได้ขณะถือไข่,TravelService,
Destination obstructed,Destination obstructed,มีสิ่งกีดขวางที่ปลายทาง,TravelService,
Destination unavailable,Destination unavailable,ปลายทางไม่พร้อม,TravelService,
Invalid destination,Invalid destination,จุดหมายไม่ถูกต้อง,TravelService,
Leave the Arena queue before travelling,Leave the Arena queue before travelling,ออกจากคิวอารีน่าก่อนเดินทาง,TravelService,
Move closer to the dock,Move closer to the dock,เข้าไปใกล้ท่าเรืออีกนิด,TravelService,
Rootfall,Rootfall,รูทฟอลล์,TravelService,
Sunny Meadow,Sunny Meadow,ทุ่งหญ้าแสงแดด,TravelService,config
Travel,Travel,เดินทาง,TravelService,
Travel complete,Travel complete,เดินทางสำเร็จ,TravelService,
Travel unavailable,Travel unavailable,เดินทางไม่ได้,TravelService,
Use at a warp stone only,Use at a warp stone only,ใช้ได้ที่หินวาร์ปเท่านั้น,TravelService,
Visit this zone before fast travel,Visit this zone before fast travel,สำรวจโซนนี้ก่อนเดินทางด่วน,TravelService,
Warp unavailable,Warp unavailable,วาร์ปยังไม่พร้อม,TravelService,
Blocked,Blocked,ถูกกั้น,TreeService,
Eight QA trees maximum; use tree.clear,Eight QA trees maximum; use tree.clear,Eight QA trees maximum; use tree.clear,TreeService,dev
Enter kind and tier 1–6,Enter kind and tier 1–6,Enter kind and tier 1–6,TreeService,dev
Map QA mutations require Studio,Map QA mutations require Studio,Map QA mutations require Studio,TreeService,dev
Nest,Nest,รัง,TreeService,
No safe ground in this zone,No safe ground in this zone,No safe ground in this zone,TreeService,dev
QA tree spawned,QA tree spawned,QA tree spawned,TreeService,dev
Stand in an unlocked forest zone,Stand in an unlocked forest zone,Stand in an unlocked forest zone,TreeService,dev
TreeKit unavailable,TreeKit unavailable,TreeKit unavailable,TreeService,dev
Unknown TreeKit kind,Unknown TreeKit kind,Unknown TreeKit kind,TreeService,dev
Parent,Parent,Parent,UIKit,
Tab,Tab,Tab,UIKit,
CHEST ALTAR,CHEST ALTAR,แท่นหีบ,WeaponService,
Chest no longer available,Chest no longer available,หีบนี้ไม่มีแล้ว,WeaponService,
Chest opened,Chest opened,เปิดหีบแล้ว,WeaponService,
Chests unavailable,Chests unavailable,ระบบหีบยังไม่พร้อม,WeaponService,
"End your run, then visit the village chest station","End your run, then visit the village chest station",จบรอบ แล้วไปที่แท่นหีบในหมู่บ้าน,WeaponService,
Equipped,Equipped,สวมใส่แล้ว,WeaponService,
Free 15-minute chest received! Open at the village station,Free 15-minute chest received! Open at the village station,ได้รับหีบฟรีทุก 15 นาที! เปิดที่แท่นในหมู่บ้าน,WeaponService,
Fuse at the village station after ending your run,Fuse at the village station after ending your run,หลอมได้ที่แท่นในหมู่บ้านหลังจบรอบ,WeaponService,
Fused to ★{1},Fused to ★{1},หลอมเป็น ★{1},WeaponService,
Inventory full. Fuse duplicate weapons first,Inventory full. Fuse duplicate weapons first,คลังเต็ม หลอมอาวุธที่ซ้ำกันก่อน,WeaponService,
Max 5 stars reached,Max 5 stars reached,ครบ 5 ดาวแล้ว,WeaponService,
Missing or duplicate weapons,Missing or duplicate weapons,อาวุธหายไปหรือซ้ำกัน,WeaponService,
Open Chest {1} eggs,Open Chest {1} eggs,เปิดหีบ {1} ใบ,WeaponService,unused
Open Chests / Fuse Weapons,Open Chests / Fuse Weapons,เปิดหีบ / หลอมอาวุธ,WeaponService,
Opened {1} chests,Opened {1} chests,เปิดหีบแล้ว {1} ใบ,WeaponService,
Requires 3 weapons,Requires 3 weapons,ต้องใช้อาวุธ 3 ชิ้น,WeaponService,
Requires the Open Ten pass,Requires the Open Ten pass,ต้องมีพาสเปิดสิบ,WeaponService,
Starter Axe,Starter Axe,ขวานเริ่มต้น,WeaponService,
Weapon deleted,Weapon deleted,ลบอาวุธแล้ว,WeaponService,
Weapon not found,Weapon not found,ไม่พบอาวุธ,WeaponService,
Weapon not found in inventory,Weapon not found in inventory,ไม่พบอาวุธในคลัง,WeaponService,
"Weapons must match type, IL, stars, Giant and Rot","Weapons must match type, IL, stars, Giant and Rot",อาวุธต้องมีชนิด IL ดาว ยักษ์ และ Rot ตรงกัน,WeaponService,
Weapons unavailable,Weapons unavailable,ระบบอาวุธยังไม่พร้อม,WeaponService,
{1} Earned GIANT {2}!,{1} Earned GIANT {2}!,{1} ได้รับ {2} ยักษ์!,WeaponService,
Blood Moon,Blood Moon,จันทร์สีเลือด,Weather,
Bloodlit,Bloodlit,แสงเลือด,Weather,
Blossom,Blossom,บุปผา,Weather,
Blossom Rain,Blossom Rain,ฝนดอกไม้,Weather,
Critical ×15 • Blossom,Critical ×15 • Blossom,คริติคอล ×15 • บุปผา,Weather,
Dense Fog,Dense Fog,หมอกหนา,Weather,
Gusts,Gusts,ลมกระโชก,Weather,
HP Trees ×2 • Rewards ×4,HP Trees ×2 • Rewards ×4,HP ต้นไม้ ×2 • รางวัล ×4,Weather,
Meteor Shower,Meteor Shower,ฝนดาวตก,Weather,
Mutation Celestial • Meteor Shower,Mutation Celestial • Meteor Shower,กลายพันธุ์สวรรค์ • ฝนดาวตก,Weather,
Mutation Misty • Dense Fog,Mutation Misty • Dense Fog,กลายพันธุ์หมอก • หมอกหนา,Weather,
Mutation Rainbow • Special colors,Mutation Rainbow • Special colors,กลายพันธุ์สายรุ้ง • สีพิเศษ,Weather,
Rot Invasion,Rot Invasion,ความเน่าบุก,Weather,
Rotten,Rotten,เน่า,Weather,
Thunderstorm,Thunderstorm,พายุฝนฟ้าคะนอง,Weather,
Weapon Area ×1.5,Weapon Area ×1.5,พื้นที่อาวุธ ×1.5,Weather,
Windswept,Windswept,ลมพัด,Weather,
Wood/Coins ×1.5 • Aurora,Wood/Coins ×1.5 • Aurora,ไม้/เหรียญ ×1.5 • ออโรรา,Weather,
Zone 1 World Boss • Slower garden growth,Zone 1 World Boss • Slower garden growth,บอสโลกโซน 1 • สวนโตช้าลง,Weather,
 • Chests Level +5!, • Chests Level +5!, • หีบเลเวล +5!,WeatherController,
Aurora,Aurora,ออโรรา,WeatherController,
Bloodmoon,Bloodmoon,จันทร์สีเลือด,WeatherController,
Chests Level +5,Chests Level +5,หีบเลเวล +5,WeatherController,
Clear,Clear,แจ่มใส,WeatherController,
EXP ×1.5 • Tougher trees,EXP ×1.5 • Tougher trees,EXP ×1.5 • ต้นไม้แข็งขึ้น,WeatherController,
Festival {1} • ,Festival {1} • ,เทศกาล {1} • ,WeatherController,
Fog,Fog,หมอก,WeatherController,
Gardens grow while offline,Gardens grow while offline,สวนโตแม้ออฟไลน์,WeatherController,
Golden,Golden,สีทอง,WeatherController,
LIVE • ,LIVE • ,สด • ,WeatherController,
Lightning rewards ×3,Lightning rewards ×3,รางวัลสายฟ้า ×3,WeatherController,
Meteor,Meteor,ดาวตก,WeatherController,
Normal schedule,Normal schedule,ตารางปกติ,WeatherController,
Rain,Rain,ฝน,WeatherController,
Roof,Roof,Roof,WeatherController,
Snow,Snow,หิมะ,WeatherController,
Storm,Storm,พายุ,WeatherController,
UTC,UTC,UTC,WeatherController,
Wind,Wind,ลม,WeatherController,
Wood ×1.25 • Garden growth ×1.5,Wood ×1.25 • Garden growth ×1.5,ไม้ ×1.25 • สวนโต ×1.5,WeatherController,
"{1}{2}{3} • {4}
{5}
Next: {6} • {7}{8}","{1}{2}{3} • {4}
{5}
Next: {6} • {7}{8}","{1}{2}{3} • {4}
{5}
ถัดไป: {6} • {7}{8}",WeatherController,
+{1} Stardust,+{1} Stardust,+{1} ผงดาว,WeatherEncounterService,
Collect +{1} Stardust,Collect +{1} Stardust,เก็บ +{1} ผงดาว,WeatherEncounterService,
Data still loading,Data still loading,ข้อมูลยังโหลดอยู่,WeatherEncounterService,
Exchange Stardust at the village chest station,Exchange Stardust at the village chest station,แลกผงดาวได้ที่แท่นหีบในหมู่บ้าน,WeatherEncounterService,
Exchanged Stardust for a Rare chest,Exchanged Stardust for a Rare chest,แลกผงดาวเป็นหีบหายากแล้ว,WeatherEncounterService,
METEOR,METEOR,ดาวตก,WeatherEncounterService,
Night Spirits,Night Spirits,วิญญาณราตรี,WeatherEncounterService,
Requires {1} Stardust,Requires {1} Stardust,ต้องใช้ {1} ผงดาว,WeatherEncounterService,
World Boss: +{1} Gems / +{2} Stardust,World Boss: +{1} Gems / +{2} Stardust,บอสโลก: +{1} เพชร / +{2} ผงดาว,WeatherEncounterService,
Clear:{1},Clear:{1},Clear:{1},WeatherSchedule,
RotInvasion:{1},RotInvasion:{1},RotInvasion:{1},WeatherSchedule,
Live Event,Live Event,Live Event,WeatherService,
Server override,Server override,เซิร์ฟเวอร์กำหนดเอง,WeatherService,
Unknown weather,Unknown weather,ไม่รู้จักสภาพอากาศ,WeatherService,
{1} • {2} studs,{1} • {2} studs,{1} • {2} สตัด,WorldEventController,
An event is already active,An event is already active,มีอีเวนต์กำลังดำเนินอยู่แล้ว,WorldEventService,
Event started,Event started,อีเวนต์เริ่มแล้ว,WorldEventService,
Existing weather encounter started,Existing weather encounter started,เริ่มเหตุการณ์สภาพอากาศแล้ว,WorldEventService,
Invalid zone,Invalid zone,โซนไม่ถูกต้อง,WorldEventService,
No healthy pooled tree,No healthy pooled tree,ไม่มีต้นไม้ว่างให้ใช้,WorldEventService,
This existing encounter runs in Zone 1,This existing encounter runs in Zone 1,เหตุการณ์นี้เกิดในโซน 1,WorldEventService,
Tree unavailable,Tree unavailable,ต้นไม้ไม่พร้อมใช้งาน,WorldEventService,
Unknown/disabled event,Unknown/disabled event,ไม่รู้จักอีเวนต์หรือถูกปิดอยู่,WorldEventService,
Wait for clear weather,Wait for clear weather,รอให้ฟ้าโปร่งก่อน,WorldEventService,
Ancient Tree,Ancient Tree,ต้นไม้โบราณ,WorldEvents,
Boss Tree,Boss Tree,บอสต้นไม้,WorldEvents,
Cursed Tree,Cursed Tree,ต้นไม้ต้องสาป,WorldEvents,
Giant Tree,Giant Tree,ต้นไม้ยักษ์,WorldEvents,
Golden Tree,Golden Tree,ต้นไม้ทอง,WorldEvents,
Timber Rush,Timber Rush,เร่งตัดไม้,WorldEvents,
Drizzle,Drizzle,ฝนปรอย,ZoneAmbience,
Fireflies,Fireflies,หิ่งห้อย,ZoneAmbience,
Petals,Petals,กลีบดอกไม้,ZoneAmbience,
Sparkles,Sparkles,ประกายแสง,ZoneAmbience,
Expected eight zones,Expected eight zones,Expected eight zones,ZoneUtil,dev
Invalid radii: {1},Invalid radii: {1},Invalid radii: {1},ZoneUtil,dev
Invalid/duplicate zone id: {1},Invalid/duplicate zone id: {1},Invalid/duplicate zone id: {1},ZoneUtil,dev
Missing EN/TH name: {1},Missing EN/TH name: {1},Missing EN/TH name: {1},ZoneUtil,dev
Missing TreeKit kind: {1},Missing TreeKit kind: {1},Missing TreeKit kind: {1},ZoneUtil,dev
Missing region: {1},Missing region: {1},Missing region: {1},ZoneUtil,dev
Ring seam mismatch: {1},Ring seam mismatch: {1},Ring seam mismatch: {1},ZoneUtil,dev
Amber Woods,Amber Woods,ป่าอำพัน,Zones,config
Amethyst,Amethyst,อเมทิสต์,Zones,unused
Birch,Birch,เบิร์ช,Zones,unused
Crystal Ridge,Crystal Ridge,สันเขาคริสตัล,Zones,config
Frostvale,Frostvale,หุบเขาน้ำแข็ง,Zones,config
Glowcap Bog,Glowcap Bog,บึงเห็ดเรืองแสง,Zones,config
Layered,Layered,ชั้นซ้อน,Zones,unused
Lumora Plateau,Lumora Plateau,ที่ราบสูงลูมอรา,Zones,config
Maple,Maple,เมเปิล,Zones,unused
Mushroom,Mushroom,เห็ด,Zones,unused
Oak,Oak,โอ๊ก,Zones,unused
Pine,Pine,สน,Zones,unused
Prism,Prism,ปริซึม,Zones,unused
Sakura Highlands,Sakura Highlands,ที่ราบสูงซากุระ,Zones,config
Thunder Bamboo,Thunder Bamboo,ป่าไผ่สายฟ้า,Zones,config
Weeping,Weeping,หลิวย้อย,Zones,unused
Ancient Cyclone Shardblade,Ancient Cyclone Shardblade,ดาบเศษผลึกไซโคลนดึกดำบรรพ์,catalog:swords.json,
Ancient Eclipse Bastard Sword,Ancient Eclipse Bastard Sword,ดาบครึ่งมือสุริยุปราคาดึกดำบรรพ์,catalog:swords.json,
Ancient Eclipse Broadsword,Ancient Eclipse Broadsword,ดาบกว้างสุริยุปราคาดึกดำบรรพ์,catalog:swords.json,
Ancient Elder Sabre,Ancient Elder Sabre,เซเบอร์พฤกษาโบราณดึกดำบรรพ์,catalog:swords.json,
Ancient Glacier Epee,Ancient Glacier Epee,ดาบเอเป้ธารน้ำแข็งดึกดำบรรพ์,catalog:swords.json,
Ancient Holy Dirk,Ancient Holy Dirk,กริชยาวศักดิ์สิทธิ์ดึกดำบรรพ์,catalog:swords.json,
Ancient Holy Shortsword,Ancient Holy Shortsword,ดาบสั้นศักดิ์สิทธิ์ดึกดำบรรพ์,catalog:swords.json,
Ancient Nebula Katana,Ancient Nebula Katana,คาตานะเนบิวลาดึกดำบรรพ์,catalog:swords.json,
Ancient Nebula Tachi,Ancient Nebula Tachi,ทาจิเนบิวลาดึกดำบรรพ์,catalog:swords.json,
Ancient Phoenix Claymore,Ancient Phoenix Claymore,เคลย์มอร์ฟีนิกซ์ดึกดำบรรพ์,catalog:swords.json,
Ancient Tempest Cleaver,Ancient Tempest Cleaver,มีดโค่นพายุคลั่งดึกดำบรรพ์,catalog:swords.json,
Ancient Tempest Khopesh,Ancient Tempest Khopesh,ดาบเคียวพายุคลั่งดึกดำบรรพ์,catalog:swords.json,
Blaze Bastard Sword,Blaze Bastard Sword,ดาบครึ่งมือเปลวเพลิง,catalog:swords.json,
Blaze Broadsword,Blaze Broadsword,ดาบกว้างเปลวเพลิง,catalog:swords.json,
Blaze Crystal Blade,Blaze Crystal Blade,ดาบคริสตัลเปลวเพลิง,catalog:swords.json,
Blaze Dirk,Blaze Dirk,กริชยาวเปลวเพลิง,catalog:swords.json,
Blaze Falchion,Blaze Falchion,ดาบฟัลเชียนเปลวเพลิง,catalog:swords.json,
Blaze Gladius,Blaze Gladius,กลาดิอุสเปลวเพลิง,catalog:swords.json,
Blaze Katana,Blaze Katana,คาตานะเปลวเพลิง,catalog:swords.json,
Blaze Longsword,Blaze Longsword,ดาบยาวเปลวเพลิง,catalog:swords.json,
Blaze Nodachi,Blaze Nodachi,โนดาจิเปลวเพลิง,catalog:swords.json,
Blaze Prism Edge,Blaze Prism Edge,คมปริซึมเปลวเพลิง,catalog:swords.json,
Blaze Sabre,Blaze Sabre,เซเบอร์เปลวเพลิง,catalog:swords.json,
Blaze Scimitar,Blaze Scimitar,ดาบโค้งเปลวเพลิง,catalog:swords.json,
Blaze Shardblade,Blaze Shardblade,ดาบเศษผลึกเปลวเพลิง,catalog:swords.json,
Blaze Shortsword,Blaze Shortsword,ดาบสั้นเปลวเพลิง,catalog:swords.json,
Blaze Tachi,Blaze Tachi,ทาจิเปลวเพลิง,catalog:swords.json,
Bloom Claymore,Bloom Claymore,เคลย์มอร์บุปผา,catalog:swords.json,
Bloom Epee,Bloom Epee,ดาบเอเป้บุปผา,catalog:swords.json,
Bloom Estoc,Bloom Estoc,ดาบแทงบุปผา,catalog:swords.json,
Bloom Falchion,Bloom Falchion,ดาบฟัลเชียนบุปผา,catalog:swords.json,
Bloom Greatsword,Bloom Greatsword,ดาบใหญ่บุปผา,catalog:swords.json,
Bloom Katana,Bloom Katana,คาตานะบุปผา,catalog:swords.json,
Bloom Nodachi,Bloom Nodachi,โนดาจิบุปผา,catalog:swords.json,
Bloom Rapier,Bloom Rapier,เรเปียร์บุปผา,catalog:swords.json,
Bloom Tachi,Bloom Tachi,ทาจิบุปผา,catalog:swords.json,
Bloom Zweihander,Bloom Zweihander,ดาบสองมือบุปผา,catalog:swords.json,
Breeze Broadsword,Breeze Broadsword,ดาบกว้างสายลม,catalog:swords.json,
Breeze Claymore,Breeze Claymore,เคลย์มอร์สายลม,catalog:swords.json,
Breeze Cleaver,Breeze Cleaver,มีดโค่นสายลม,catalog:swords.json,
Breeze Dirk,Breeze Dirk,กริชยาวสายลม,catalog:swords.json,
Breeze Epee,Breeze Epee,ดาบเอเป้สายลม,catalog:swords.json,
Breeze Estoc,Breeze Estoc,ดาบแทงสายลม,catalog:swords.json,
Breeze Falchion,Breeze Falchion,ดาบฟัลเชียนสายลม,catalog:swords.json,
Breeze Gladius,Breeze Gladius,กลาดิอุสสายลม,catalog:swords.json,
Breeze Greatsword,Breeze Greatsword,ดาบใหญ่สายลม,catalog:swords.json,
Breeze Katana,Breeze Katana,คาตานะสายลม,catalog:swords.json,
Breeze Khopesh,Breeze Khopesh,ดาบเคียวสายลม,catalog:swords.json,
Breeze Machete,Breeze Machete,มีดพร้าสายลม,catalog:swords.json,
Breeze Nodachi,Breeze Nodachi,โนดาจิสายลม,catalog:swords.json,
Breeze Rapier,Breeze Rapier,เรเปียร์สายลม,catalog:swords.json,
Breeze Sabre,Breeze Sabre,เซเบอร์สายลม,catalog:swords.json,
Breeze Scimitar,Breeze Scimitar,ดาบโค้งสายลม,catalog:swords.json,
Breeze Shortsword,Breeze Shortsword,ดาบสั้นสายลม,catalog:swords.json,
Breeze Tachi,Breeze Tachi,ทาจิสายลม,catalog:swords.json,
Breeze Zweihander,Breeze Zweihander,ดาบสองมือสายลม,catalog:swords.json,
Bronze Prism Edge,Bronze Prism Edge,คมปริซึมสำริด,catalog:swords.json,
Bronze Rapier,Bronze Rapier,เรเปียร์สำริด,catalog:swords.json,
Bronze Shortsword,Bronze Shortsword,ดาบสั้นสำริด,catalog:swords.json,
Comet Bastard Sword,Comet Bastard Sword,ดาบครึ่งมือดาวหาง,catalog:swords.json,
Comet Broadsword,Comet Broadsword,ดาบกว้างดาวหาง,catalog:swords.json,
Comet Claymore,Comet Claymore,เคลย์มอร์ดาวหาง,catalog:swords.json,
Comet Cleaver,Comet Cleaver,มีดโค่นดาวหาง,catalog:swords.json,
Comet Crystal Blade,Comet Crystal Blade,ดาบคริสตัลดาวหาง,catalog:swords.json,
Comet Dirk,Comet Dirk,กริชยาวดาวหาง,catalog:swords.json,
Comet Epee,Comet Epee,ดาบเอเป้ดาวหาง,catalog:swords.json,
Comet Estoc,Comet Estoc,ดาบแทงดาวหาง,catalog:swords.json,
Comet Falchion,Comet Falchion,ดาบฟัลเชียนดาวหาง,catalog:swords.json,
Comet Gladius,Comet Gladius,กลาดิอุสดาวหาง,catalog:swords.json,
Comet Greatsword,Comet Greatsword,ดาบใหญ่ดาวหาง,catalog:swords.json,
Comet Khopesh,Comet Khopesh,ดาบเคียวดาวหาง,catalog:swords.json,
Comet Longsword,Comet Longsword,ดาบยาวดาวหาง,catalog:swords.json,
Comet Machete,Comet Machete,มีดพร้าดาวหาง,catalog:swords.json,
Comet Prism Edge,Comet Prism Edge,คมปริซึมดาวหาง,catalog:swords.json,
Comet Rapier,Comet Rapier,เรเปียร์ดาวหาง,catalog:swords.json,
Comet Sabre,Comet Sabre,เซเบอร์ดาวหาง,catalog:swords.json,
Comet Scimitar,Comet Scimitar,ดาบโค้งดาวหาง,catalog:swords.json,
Comet Shardblade,Comet Shardblade,ดาบเศษผลึกดาวหาง,catalog:swords.json,
Comet Shortsword,Comet Shortsword,ดาบสั้นดาวหาง,catalog:swords.json,
Copper Greatsword,Copper Greatsword,ดาบใหญ่ทองแดง,catalog:swords.json,
Copper Longsword,Copper Longsword,ดาบยาวทองแดง,catalog:swords.json,
Copper Machete,Copper Machete,มีดพร้าทองแดง,catalog:swords.json,
Cyclone Bastard Sword,Cyclone Bastard Sword,ดาบครึ่งมือไซโคลน,catalog:swords.json,
Cyclone Broadsword,Cyclone Broadsword,ดาบกว้างไซโคลน,catalog:swords.json,
Cyclone Dirk,Cyclone Dirk,กริชยาวไซโคลน,catalog:swords.json,
Cyclone Falchion,Cyclone Falchion,ดาบฟัลเชียนไซโคลน,catalog:swords.json,
Cyclone Gladius,Cyclone Gladius,กลาดิอุสไซโคลน,catalog:swords.json,
Cyclone Longsword,Cyclone Longsword,ดาบยาวไซโคลน,catalog:swords.json,
Cyclone Prism Edge,Cyclone Prism Edge,คมปริซึมไซโคลน,catalog:swords.json,
Cyclone Sabre,Cyclone Sabre,เซเบอร์ไซโคลน,catalog:swords.json,
Cyclone Scimitar,Cyclone Scimitar,ดาบโค้งไซโคลน,catalog:swords.json,
Cyclone Shortsword,Cyclone Shortsword,ดาบสั้นไซโคลน,catalog:swords.json,
Dragon Cyclone Crystal Blade,Dragon Cyclone Crystal Blade,ดาบคริสตัลไซโคลนมังกร,catalog:swords.json,
Dragon Eclipse Broadsword,Dragon Eclipse Broadsword,ดาบกว้างสุริยุปราคามังกร,catalog:swords.json,
Dragon Eclipse Longsword,Dragon Eclipse Longsword,ดาบยาวสุริยุปราคามังกร,catalog:swords.json,
Dragon Elder Falchion,Dragon Elder Falchion,ดาบฟัลเชียนพฤกษาโบราณมังกร,catalog:swords.json,
Dragon Glacier Estoc,Dragon Glacier Estoc,ดาบแทงธารน้ำแข็งมังกร,catalog:swords.json,
Dragon Glacier Rapier,Dragon Glacier Rapier,เรเปียร์ธารน้ำแข็งมังกร,catalog:swords.json,
Dragon Holy Gladius,Dragon Holy Gladius,กลาดิอุสศักดิ์สิทธิ์มังกร,catalog:swords.json,
Dragon Nebula Katana,Dragon Nebula Katana,คาตานะเนบิวลามังกร,catalog:swords.json,
Dragon Nebula Nodachi,Dragon Nebula Nodachi,โนดาจิเนบิวลามังกร,catalog:swords.json,
Dragon Phoenix Greatsword,Dragon Phoenix Greatsword,ดาบใหญ่ฟีนิกซ์มังกร,catalog:swords.json,
Dragon Tempest Khopesh,Dragon Tempest Khopesh,ดาบเคียวพายุคลั่งมังกร,catalog:swords.json,
Dragon Tempest Machete,Dragon Tempest Machete,มีดพร้าพายุคลั่งมังกร,catalog:swords.json,
Driftwood Dirk,Driftwood Dirk,กริชยาวไม้ลอยน้ำ,catalog:swords.json,
Driftwood Shardblade,Driftwood Shardblade,ดาบเศษผลึกไม้ลอยน้ำ,catalog:swords.json,
Dusk Claymore,Dusk Claymore,เคลย์มอร์สนธยา,catalog:swords.json,
Dusk Falchion,Dusk Falchion,ดาบฟัลเชียนสนธยา,catalog:swords.json,
Dusk Gladius,Dusk Gladius,กลาดิอุสสนธยา,catalog:swords.json,
Dusk Greatsword,Dusk Greatsword,ดาบใหญ่สนธยา,catalog:swords.json,
Dusk Katana,Dusk Katana,คาตานะสนธยา,catalog:swords.json,
Dusk Nodachi,Dusk Nodachi,โนดาจิสนธยา,catalog:swords.json,
Dusk Sabre,Dusk Sabre,เซเบอร์สนธยา,catalog:swords.json,
Dusk Scimitar,Dusk Scimitar,ดาบโค้งสนธยา,catalog:swords.json,
Dusk Tachi,Dusk Tachi,ทาจิสนธยา,catalog:swords.json,
Dusk Zweihander,Dusk Zweihander,ดาบสองมือสนธยา,catalog:swords.json,
Ember Bastard Sword,Ember Bastard Sword,ดาบครึ่งมือถ่านคุ,catalog:swords.json,
Ember Broadsword,Ember Broadsword,ดาบกว้างถ่านคุ,catalog:swords.json,
Ember Cleaver,Ember Cleaver,มีดโค่นถ่านคุ,catalog:swords.json,
Ember Crystal Blade,Ember Crystal Blade,ดาบคริสตัลถ่านคุ,catalog:swords.json,
Ember Estoc,Ember Estoc,ดาบแทงถ่านคุ,catalog:swords.json,
Ember Khopesh,Ember Khopesh,ดาบเคียวถ่านคุ,catalog:swords.json,
Ember Longsword,Ember Longsword,ดาบยาวถ่านคุ,catalog:swords.json,
Ember Machete,Ember Machete,มีดพร้าถ่านคุ,catalog:swords.json,
Ember Prism Edge,Ember Prism Edge,คมปริซึมถ่านคุ,catalog:swords.json,
Ember Rapier,Ember Rapier,เรเปียร์ถ่านคุ,catalog:swords.json,
Ember Shardblade,Ember Shardblade,ดาบเศษผลึกถ่านคุ,catalog:swords.json,
Eternal Celestial Falchion,Eternal Celestial Falchion,ดาบฟัลเชียนสรวงสวรรค์นิรันดร์,catalog:swords.json,
Eternal Eclipse Gladius,Eternal Eclipse Gladius,กลาดิอุสสุริยุปราคานิรันดร์,catalog:swords.json,
Eternal Elder Nodachi,Eternal Elder Nodachi,โนดาจิพฤกษาโบราณนิรันดร์,catalog:swords.json,
Eternal Galaxy Greatsword,Eternal Galaxy Greatsword,ดาบใหญ่กาแล็กซีนิรันดร์,catalog:swords.json,
Eternal Leviathan Machete,Eternal Leviathan Machete,มีดพร้าอสูรทะเลนิรันดร์,catalog:swords.json,
Eternal Phoenix Estoc,Eternal Phoenix Estoc,ดาบแทงฟีนิกซ์นิรันดร์,catalog:swords.json,
Eternal Tempest Crystal Blade,Eternal Tempest Crystal Blade,ดาบคริสตัลพายุคลั่งนิรันดร์,catalog:swords.json,
Flint Bastard Sword,Flint Bastard Sword,ดาบครึ่งมือหินเหล็กไฟ,catalog:swords.json,
Flint Cleaver,Flint Cleaver,มีดโค่นหินเหล็กไฟ,catalog:swords.json,
Flint Sabre,Flint Sabre,เซเบอร์หินเหล็กไฟ,catalog:swords.json,
Glacier Bastard Sword,Glacier Bastard Sword,ดาบครึ่งมือธารน้ำแข็ง,catalog:swords.json,
Glacier Broadsword,Glacier Broadsword,ดาบกว้างธารน้ำแข็ง,catalog:swords.json,
Glacier Cleaver,Glacier Cleaver,มีดโค่นธารน้ำแข็ง,catalog:swords.json,
Glacier Crystal Blade,Glacier Crystal Blade,ดาบคริสตัลธารน้ำแข็ง,catalog:swords.json,
Glacier Estoc,Glacier Estoc,ดาบแทงธารน้ำแข็ง,catalog:swords.json,
Glacier Khopesh,Glacier Khopesh,ดาบเคียวธารน้ำแข็ง,catalog:swords.json,
Glacier Longsword,Glacier Longsword,ดาบยาวธารน้ำแข็ง,catalog:swords.json,
Glacier Machete,Glacier Machete,มีดพร้าธารน้ำแข็ง,catalog:swords.json,
Glacier Prism Edge,Glacier Prism Edge,คมปริซึมธารน้ำแข็ง,catalog:swords.json,
Glacier Shardblade,Glacier Shardblade,ดาบเศษผลึกธารน้ำแข็ง,catalog:swords.json,
Gleam Bastard Sword,Gleam Bastard Sword,ดาบครึ่งมือประกาย,catalog:swords.json,
Gleam Broadsword,Gleam Broadsword,ดาบกว้างประกาย,catalog:swords.json,
Gleam Claymore,Gleam Claymore,เคลย์มอร์ประกาย,catalog:swords.json,
Gleam Cleaver,Gleam Cleaver,มีดโค่นประกาย,catalog:swords.json,
Gleam Crystal Blade,Gleam Crystal Blade,ดาบคริสตัลประกาย,catalog:swords.json,
Gleam Epee,Gleam Epee,ดาบเอเป้ประกาย,catalog:swords.json,
Gleam Estoc,Gleam Estoc,ดาบแทงประกาย,catalog:swords.json,
Gleam Greatsword,Gleam Greatsword,ดาบใหญ่ประกาย,catalog:swords.json,
Gleam Katana,Gleam Katana,คาตานะประกาย,catalog:swords.json,
Gleam Khopesh,Gleam Khopesh,ดาบเคียวประกาย,catalog:swords.json,
Gleam Longsword,Gleam Longsword,ดาบยาวประกาย,catalog:swords.json,
Gleam Machete,Gleam Machete,มีดพร้าประกาย,catalog:swords.json,
Gleam Nodachi,Gleam Nodachi,โนดาจิประกาย,catalog:swords.json,
Gleam Prism Edge,Gleam Prism Edge,คมปริซึมประกาย,catalog:swords.json,
Gleam Rapier,Gleam Rapier,เรเปียร์ประกาย,catalog:swords.json,
Gleam Scimitar,Gleam Scimitar,ดาบโค้งประกาย,catalog:swords.json,
Gleam Shardblade,Gleam Shardblade,ดาบเศษผลึกประกาย,catalog:swords.json,
Gleam Tachi,Gleam Tachi,ทาจิประกาย,catalog:swords.json,
Gleam Zweihander,Gleam Zweihander,ดาบสองมือประกาย,catalog:swords.json,
Godslayer Celestial Scimitar,Godslayer Celestial Scimitar,ดาบโค้งสรวงสวรรค์สังหารเทพ,catalog:swords.json,
Godslayer Eclipse Shortsword,Godslayer Eclipse Shortsword,ดาบสั้นสุริยุปราคาสังหารเทพ,catalog:swords.json,
Godslayer Elder Tachi,Godslayer Elder Tachi,ทาจิพฤกษาโบราณสังหารเทพ,catalog:swords.json,
Godslayer Galaxy Zweihander,Godslayer Galaxy Zweihander,ดาบสองมือกาแล็กซีสังหารเทพ,catalog:swords.json,
Godslayer Leviathan Cleaver,Godslayer Leviathan Cleaver,มีดโค่นอสูรทะเลสังหารเทพ,catalog:swords.json,
Godslayer Stormwing Bastard Sword,Godslayer Stormwing Bastard Sword,ดาบครึ่งมือปีกพายุสังหารเทพ,catalog:swords.json,
Godslayer Tempest Prism Edge,Godslayer Tempest Prism Edge,คมปริซึมพายุคลั่งสังหารเทพ,catalog:swords.json,
Holy Claymore,Holy Claymore,เคลย์มอร์ศักดิ์สิทธิ์,catalog:swords.json,
Holy Dirk,Holy Dirk,กริชยาวศักดิ์สิทธิ์,catalog:swords.json,
Holy Falchion,Holy Falchion,ดาบฟัลเชียนศักดิ์สิทธิ์,catalog:swords.json,
Holy Greatsword,Holy Greatsword,ดาบใหญ่ศักดิ์สิทธิ์,catalog:swords.json,
Holy Katana,Holy Katana,คาตานะศักดิ์สิทธิ์,catalog:swords.json,
Holy Nodachi,Holy Nodachi,โนดาจิศักดิ์สิทธิ์,catalog:swords.json,
Holy Sabre,Holy Sabre,เซเบอร์ศักดิ์สิทธิ์,catalog:swords.json,
Holy Scimitar,Holy Scimitar,ดาบโค้งศักดิ์สิทธิ์,catalog:swords.json,
Holy Tachi,Holy Tachi,ทาจิศักดิ์สิทธิ์,catalog:swords.json,
Holy Zweihander,Holy Zweihander,ดาบสองมือศักดิ์สิทธิ์,catalog:swords.json,
Iron Epee,Iron Epee,ดาบเอเป้เหล็ก,catalog:swords.json,
Iron Shortsword,Iron Shortsword,ดาบสั้นเหล็ก,catalog:swords.json,
Iron Tachi,Iron Tachi,ทาจิเหล็ก,catalog:swords.json,
Magma Cleaver,Magma Cleaver,มีดโค่นแมกมา,catalog:swords.json,
Magma Crystal Blade,Magma Crystal Blade,ดาบคริสตัลแมกมา,catalog:swords.json,
Magma Epee,Magma Epee,ดาบเอเป้แมกมา,catalog:swords.json,
Magma Estoc,Magma Estoc,ดาบแทงแมกมา,catalog:swords.json,
Magma Khopesh,Magma Khopesh,ดาบเคียวแมกมา,catalog:swords.json,
Magma Machete,Magma Machete,มีดพร้าแมกมา,catalog:swords.json,
Magma Prism Edge,Magma Prism Edge,คมปริซึมแมกมา,catalog:swords.json,
Magma Rapier,Magma Rapier,เรเปียร์แมกมา,catalog:swords.json,
Magma Shardblade,Magma Shardblade,ดาบเศษผลึกแมกมา,catalog:swords.json,
Magma Zweihander,Magma Zweihander,ดาบสองมือแมกมา,catalog:swords.json,
Nebula Claymore,Nebula Claymore,เคลย์มอร์เนบิวลา,catalog:swords.json,
Nebula Cleaver,Nebula Cleaver,มีดโค่นเนบิวลา,catalog:swords.json,
Nebula Epee,Nebula Epee,ดาบเอเป้เนบิวลา,catalog:swords.json,
Nebula Estoc,Nebula Estoc,ดาบแทงเนบิวลา,catalog:swords.json,
Nebula Greatsword,Nebula Greatsword,ดาบใหญ่เนบิวลา,catalog:swords.json,
Nebula Khopesh,Nebula Khopesh,ดาบเคียวเนบิวลา,catalog:swords.json,
Nebula Machete,Nebula Machete,มีดพร้าเนบิวลา,catalog:swords.json,
Nebula Nodachi,Nebula Nodachi,โนดาจิเนบิวลา,catalog:swords.json,
Nebula Rapier,Nebula Rapier,เรเปียร์เนบิวลา,catalog:swords.json,
Nebula Zweihander,Nebula Zweihander,ดาบสองมือเนบิวลา,catalog:swords.json,
Oak Claymore,Oak Claymore,เคลย์มอร์ไม้โอ๊ค,catalog:swords.json,
Oak Khopesh,Oak Khopesh,ดาบเคียวไม้โอ๊ค,catalog:swords.json,
Oak Sabre,Oak Sabre,เซเบอร์ไม้โอ๊ค,catalog:swords.json,
Phantom Bastard Sword,Phantom Bastard Sword,ดาบครึ่งมือภูตผี,catalog:swords.json,
Phantom Dirk,Phantom Dirk,กริชยาวภูตผี,catalog:swords.json,
Phantom Falchion,Phantom Falchion,ดาบฟัลเชียนภูตผี,catalog:swords.json,
Phantom Gladius,Phantom Gladius,กลาดิอุสภูตผี,catalog:swords.json,
Phantom Katana,Phantom Katana,คาตานะภูตผี,catalog:swords.json,
Phantom Nodachi,Phantom Nodachi,โนดาจิภูตผี,catalog:swords.json,
Phantom Sabre,Phantom Sabre,เซเบอร์ภูตผี,catalog:swords.json,
Phantom Scimitar,Phantom Scimitar,ดาบโค้งภูตผี,catalog:swords.json,
Phantom Shortsword,Phantom Shortsword,ดาบสั้นภูตผี,catalog:swords.json,
Phantom Tachi,Phantom Tachi,ทาจิภูตผี,catalog:swords.json,
Primordial Celestial Sabre,Primordial Celestial Sabre,เซเบอร์สรวงสวรรค์ปฐมกาล,catalog:swords.json,
Primordial Eclipse Dirk,Primordial Eclipse Dirk,กริชยาวสุริยุปราคาปฐมกาล,catalog:swords.json,
Primordial Elder Tachi,Primordial Elder Tachi,ทาจิพฤกษาโบราณปฐมกาล,catalog:swords.json,
Primordial Galaxy Claymore,Primordial Galaxy Claymore,เคลย์มอร์กาแล็กซีปฐมกาล,catalog:swords.json,
Primordial Phoenix Epee,Primordial Phoenix Epee,ดาบเอเป้ฟีนิกซ์ปฐมกาล,catalog:swords.json,
Primordial Stormwing Bastard Sword,Primordial Stormwing Bastard Sword,ดาบครึ่งมือปีกพายุปฐมกาล,catalog:swords.json,
Primordial Tempest Shardblade,Primordial Tempest Shardblade,ดาบเศษผลึกพายุคลั่งปฐมกาล,catalog:swords.json,
Rookie Gladius,Rookie Gladius,กลาดิอุสมือใหม่,catalog:swords.json,
Rookie Nodachi,Rookie Nodachi,โนดาจิมือใหม่,catalog:swords.json,
Royal Cyclone Crystal Blade,Royal Cyclone Crystal Blade,ดาบคริสตัลไซโคลนราชันย์,catalog:swords.json,
Royal Cyclone Prism Edge,Royal Cyclone Prism Edge,คมปริซึมไซโคลนราชันย์,catalog:swords.json,
Royal Eclipse Longsword,Royal Eclipse Longsword,ดาบยาวสุริยุปราคาราชันย์,catalog:swords.json,
Royal Elder Scimitar,Royal Elder Scimitar,ดาบโค้งพฤกษาโบราณราชันย์,catalog:swords.json,
Royal Glacier Rapier,Royal Glacier Rapier,เรเปียร์ธารน้ำแข็งราชันย์,catalog:swords.json,
Royal Holy Gladius,Royal Holy Gladius,กลาดิอุสศักดิ์สิทธิ์ราชันย์,catalog:swords.json,
Royal Holy Shortsword,Royal Holy Shortsword,ดาบสั้นศักดิ์สิทธิ์ราชันย์,catalog:swords.json,
Royal Nebula Nodachi,Royal Nebula Nodachi,โนดาจิเนบิวลาราชันย์,catalog:swords.json,
Royal Phoenix Greatsword,Royal Phoenix Greatsword,ดาบใหญ่ฟีนิกซ์ราชันย์,catalog:swords.json,
Royal Phoenix Zweihander,Royal Phoenix Zweihander,ดาบสองมือฟีนิกซ์ราชันย์,catalog:swords.json,
Royal Tempest Cleaver,Royal Tempest Cleaver,มีดโค่นพายุคลั่งราชันย์,catalog:swords.json,
Royal Tempest Machete,Royal Tempest Machete,มีดพร้าพายุคลั่งราชันย์,catalog:swords.json,
Rusty Longsword,Rusty Longsword,ดาบยาวสนิมเขรอะ,catalog:swords.json,
Rusty Scimitar,Rusty Scimitar,ดาบโค้งสนิมเขรอะ,catalog:swords.json,
Rusty Zweihander,Rusty Zweihander,ดาบสองมือสนิมเขรอะ,catalog:swords.json,
Shade Claymore,Shade Claymore,เคลย์มอร์เงามืด,catalog:swords.json,
Shade Cleaver,Shade Cleaver,มีดโค่นเงามืด,catalog:swords.json,
Shade Crystal Blade,Shade Crystal Blade,ดาบคริสตัลเงามืด,catalog:swords.json,
Shade Epee,Shade Epee,ดาบเอเป้เงามืด,catalog:swords.json,
Shade Estoc,Shade Estoc,ดาบแทงเงามืด,catalog:swords.json,
Shade Greatsword,Shade Greatsword,ดาบใหญ่เงามืด,catalog:swords.json,
Shade Katana,Shade Katana,คาตานะเงามืด,catalog:swords.json,
Shade Khopesh,Shade Khopesh,ดาบเคียวเงามืด,catalog:swords.json,
Shade Machete,Shade Machete,มีดพร้าเงามืด,catalog:swords.json,
Shade Nodachi,Shade Nodachi,โนดาจิเงามืด,catalog:swords.json,
Shade Prism Edge,Shade Prism Edge,คมปริซึมเงามืด,catalog:swords.json,
Shade Rapier,Shade Rapier,เรเปียร์เงามืด,catalog:swords.json,
Shade Shardblade,Shade Shardblade,ดาบเศษผลึกเงามืด,catalog:swords.json,
Shade Tachi,Shade Tachi,ทาจิเงามืด,catalog:swords.json,
Shade Zweihander,Shade Zweihander,ดาบสองมือเงามืด,catalog:swords.json,
Sovereign Celestial Scimitar,Sovereign Celestial Scimitar,ดาบโค้งสรวงสวรรค์จอมราชันย์,catalog:swords.json,
Sovereign Eclipse Gladius,Sovereign Eclipse Gladius,กลาดิอุสสุริยุปราคาจอมราชันย์,catalog:swords.json,
Sovereign Elder Nodachi,Sovereign Elder Nodachi,โนดาจิพฤกษาโบราณจอมราชันย์,catalog:swords.json,
Sovereign Leviathan Machete,Sovereign Leviathan Machete,มีดพร้าอสูรทะเลจอมราชันย์,catalog:swords.json,
Sovereign Phoenix Rapier,Sovereign Phoenix Rapier,เรเปียร์ฟีนิกซ์จอมราชันย์,catalog:swords.json,
Sovereign Stormwing Longsword,Sovereign Stormwing Longsword,ดาบยาวปีกพายุจอมราชันย์,catalog:swords.json,
Sovereign Tempest Prism Edge,Sovereign Tempest Prism Edge,คมปริซึมพายุคลั่งจอมราชันย์,catalog:swords.json,
Sprout Claymore,Sprout Claymore,เคลย์มอร์ต้นกล้า,catalog:swords.json,
Sprout Cleaver,Sprout Cleaver,มีดโค่นต้นกล้า,catalog:swords.json,
Sprout Epee,Sprout Epee,ดาบเอเป้ต้นกล้า,catalog:swords.json,
Sprout Estoc,Sprout Estoc,ดาบแทงต้นกล้า,catalog:swords.json,
Sprout Greatsword,Sprout Greatsword,ดาบใหญ่ต้นกล้า,catalog:swords.json,
Sprout Katana,Sprout Katana,คาตานะต้นกล้า,catalog:swords.json,
Sprout Khopesh,Sprout Khopesh,ดาบเคียวต้นกล้า,catalog:swords.json,
Sprout Machete,Sprout Machete,มีดพร้าต้นกล้า,catalog:swords.json,
Sprout Rapier,Sprout Rapier,เรเปียร์ต้นกล้า,catalog:swords.json,
Sprout Tachi,Sprout Tachi,ทาจิต้นกล้า,catalog:swords.json,
Sprout Zweihander,Sprout Zweihander,ดาบสองมือต้นกล้า,catalog:swords.json,
Static Bastard Sword,Static Bastard Sword,ดาบครึ่งมือไฟฟ้าสถิต,catalog:swords.json,
Static Broadsword,Static Broadsword,ดาบกว้างไฟฟ้าสถิต,catalog:swords.json,
Static Dirk,Static Dirk,กริชยาวไฟฟ้าสถิต,catalog:swords.json,
Static Falchion,Static Falchion,ดาบฟัลเชียนไฟฟ้าสถิต,catalog:swords.json,
Static Gladius,Static Gladius,กลาดิอุสไฟฟ้าสถิต,catalog:swords.json,
Static Longsword,Static Longsword,ดาบยาวไฟฟ้าสถิต,catalog:swords.json,
Static Sabre,Static Sabre,เซเบอร์ไฟฟ้าสถิต,catalog:swords.json,
Static Scimitar,Static Scimitar,ดาบโค้งไฟฟ้าสถิต,catalog:swords.json,
Static Shardblade,Static Shardblade,ดาบเศษผลึกไฟฟ้าสถิต,catalog:swords.json,
Static Shortsword,Static Shortsword,ดาบสั้นไฟฟ้าสถิต,catalog:swords.json,
Stone Crystal Blade,Stone Crystal Blade,ดาบคริสตัลหิน,catalog:swords.json,
Stone Estoc,Stone Estoc,ดาบแทงหิน,catalog:swords.json,
Stone Katana,Stone Katana,คาตานะหิน,catalog:swords.json,
Thorn Bastard Sword,Thorn Bastard Sword,ดาบครึ่งมือหนาม,catalog:swords.json,
Thorn Broadsword,Thorn Broadsword,ดาบกว้างหนาม,catalog:swords.json,
Thorn Cleaver,Thorn Cleaver,มีดโค่นหนาม,catalog:swords.json,
Thorn Crystal Blade,Thorn Crystal Blade,ดาบคริสตัลหนาม,catalog:swords.json,
Thorn Dirk,Thorn Dirk,กริชยาวหนาม,catalog:swords.json,
Thorn Epee,Thorn Epee,ดาบเอเป้หนาม,catalog:swords.json,
Thorn Gladius,Thorn Gladius,กลาดิอุสหนาม,catalog:swords.json,
Thorn Khopesh,Thorn Khopesh,ดาบเคียวหนาม,catalog:swords.json,
Thorn Longsword,Thorn Longsword,ดาบยาวหนาม,catalog:swords.json,
Thorn Machete,Thorn Machete,มีดพร้าหนาม,catalog:swords.json,
Thorn Prism Edge,Thorn Prism Edge,คมปริซึมหนาม,catalog:swords.json,
Thorn Rapier,Thorn Rapier,เรเปียร์หนาม,catalog:swords.json,
Thorn Shardblade,Thorn Shardblade,ดาบเศษผลึกหนาม,catalog:swords.json,
Thorn Shortsword,Thorn Shortsword,ดาบสั้นหนาม,catalog:swords.json,
Thunder Bastard Sword,Thunder Bastard Sword,ดาบครึ่งมือฟ้าร้อง,catalog:swords.json,
Thunder Broadsword,Thunder Broadsword,ดาบกว้างฟ้าร้อง,catalog:swords.json,
Thunder Crystal Blade,Thunder Crystal Blade,ดาบคริสตัลฟ้าร้อง,catalog:swords.json,
Thunder Dirk,Thunder Dirk,กริชยาวฟ้าร้อง,catalog:swords.json,
Thunder Gladius,Thunder Gladius,กลาดิอุสฟ้าร้อง,catalog:swords.json,
Thunder Longsword,Thunder Longsword,ดาบยาวฟ้าร้อง,catalog:swords.json,
Thunder Machete,Thunder Machete,มีดพร้าฟ้าร้อง,catalog:swords.json,
Thunder Prism Edge,Thunder Prism Edge,คมปริซึมฟ้าร้อง,catalog:swords.json,
Thunder Shardblade,Thunder Shardblade,ดาบเศษผลึกฟ้าร้อง,catalog:swords.json,
Thunder Shortsword,Thunder Shortsword,ดาบสั้นฟ้าร้อง,catalog:swords.json,
Tidal Bastard Sword,Tidal Bastard Sword,ดาบครึ่งมือกระแสน้ำ,catalog:swords.json,
Tidal Broadsword,Tidal Broadsword,ดาบกว้างกระแสน้ำ,catalog:swords.json,
Tidal Claymore,Tidal Claymore,เคลย์มอร์กระแสน้ำ,catalog:swords.json,
Tidal Cleaver,Tidal Cleaver,มีดโค่นกระแสน้ำ,catalog:swords.json,
Tidal Crystal Blade,Tidal Crystal Blade,ดาบคริสตัลกระแสน้ำ,catalog:swords.json,
Tidal Dirk,Tidal Dirk,กริชยาวกระแสน้ำ,catalog:swords.json,
Tidal Falchion,Tidal Falchion,ดาบฟัลเชียนกระแสน้ำ,catalog:swords.json,
Tidal Gladius,Tidal Gladius,กลาดิอุสกระแสน้ำ,catalog:swords.json,
Tidal Greatsword,Tidal Greatsword,ดาบใหญ่กระแสน้ำ,catalog:swords.json,
Tidal Katana,Tidal Katana,คาตานะกระแสน้ำ,catalog:swords.json,
Tidal Longsword,Tidal Longsword,ดาบยาวกระแสน้ำ,catalog:swords.json,
Tidal Nodachi,Tidal Nodachi,โนดาจิกระแสน้ำ,catalog:swords.json,
Tidal Prism Edge,Tidal Prism Edge,คมปริซึมกระแสน้ำ,catalog:swords.json,
Tidal Sabre,Tidal Sabre,เซเบอร์กระแสน้ำ,catalog:swords.json,
Tidal Scimitar,Tidal Scimitar,ดาบโค้งกระแสน้ำ,catalog:swords.json,
Tidal Shardblade,Tidal Shardblade,ดาบเศษผลึกกระแสน้ำ,catalog:swords.json,
Tidal Shortsword,Tidal Shortsword,ดาบสั้นกระแสน้ำ,catalog:swords.json,
Tidal Tachi,Tidal Tachi,ทาจิกระแสน้ำ,catalog:swords.json,
Tidal Zweihander,Tidal Zweihander,ดาบสองมือกระแสน้ำ,catalog:swords.json,
Tin Broadsword,Tin Broadsword,ดาบกว้างดีบุก,catalog:swords.json,
Tin Falchion,Tin Falchion,ดาบฟัลเชียนดีบุก,catalog:swords.json,
Titan Cyclone Crystal Blade,Titan Cyclone Crystal Blade,ดาบคริสตัลไซโคลนไททัน,catalog:swords.json,
Titan Cyclone Shardblade,Titan Cyclone Shardblade,ดาบเศษผลึกไซโคลนไททัน,catalog:swords.json,
Titan Eclipse Broadsword,Titan Eclipse Broadsword,ดาบกว้างสุริยุปราคาไททัน,catalog:swords.json,
Titan Elder Falchion,Titan Elder Falchion,ดาบฟัลเชียนพฤกษาโบราณไททัน,catalog:swords.json,
Titan Elder Sabre,Titan Elder Sabre,เซเบอร์พฤกษาโบราณไททัน,catalog:swords.json,
Titan Glacier Epee,Titan Glacier Epee,ดาบเอเป้ธารน้ำแข็งไททัน,catalog:swords.json,
Titan Glacier Estoc,Titan Glacier Estoc,ดาบแทงธารน้ำแข็งไททัน,catalog:swords.json,
Titan Holy Dirk,Titan Holy Dirk,กริชยาวศักดิ์สิทธิ์ไททัน,catalog:swords.json,
Titan Nebula Katana,Titan Nebula Katana,คาตานะเนบิวลาไททัน,catalog:swords.json,
Titan Phoenix Claymore,Titan Phoenix Claymore,เคลย์มอร์ฟีนิกซ์ไททัน,catalog:swords.json,
Titan Phoenix Greatsword,Titan Phoenix Greatsword,ดาบใหญ่ฟีนิกซ์ไททัน,catalog:swords.json,
Titan Tempest Khopesh,Titan Tempest Khopesh,ดาบเคียวพายุคลั่งไททัน,catalog:swords.json,
Volt Claymore,Volt Claymore,เคลย์มอร์โวลต์,catalog:swords.json,
Volt Dirk,Volt Dirk,กริชยาวโวลต์,catalog:swords.json,
Volt Epee,Volt Epee,ดาบเอเป้โวลต์,catalog:swords.json,
Volt Estoc,Volt Estoc,ดาบแทงโวลต์,catalog:swords.json,
Volt Falchion,Volt Falchion,ดาบฟัลเชียนโวลต์,catalog:swords.json,
Volt Gladius,Volt Gladius,กลาดิอุสโวลต์,catalog:swords.json,
Volt Greatsword,Volt Greatsword,ดาบใหญ่โวลต์,catalog:swords.json,
Volt Katana,Volt Katana,คาตานะโวลต์,catalog:swords.json,
Volt Nodachi,Volt Nodachi,โนดาจิโวลต์,catalog:swords.json,
Volt Rapier,Volt Rapier,เรเปียร์โวลต์,catalog:swords.json,
Volt Sabre,Volt Sabre,เซเบอร์โวลต์,catalog:swords.json,
Volt Scimitar,Volt Scimitar,ดาบโค้งโวลต์,catalog:swords.json,
Volt Shortsword,Volt Shortsword,ดาบสั้นโวลต์,catalog:swords.json,
Volt Tachi,Volt Tachi,ทาจิโวลต์,catalog:swords.json,
Volt Zweihander,Volt Zweihander,ดาบสองมือโวลต์,catalog:swords.json,
Warlord Cyclone Prism Edge,Warlord Cyclone Prism Edge,คมปริซึมไซโคลนขุนศึก,catalog:swords.json,
Warlord Cyclone Shardblade,Warlord Cyclone Shardblade,ดาบเศษผลึกไซโคลนขุนศึก,catalog:swords.json,
Warlord Eclipse Bastard Sword,Warlord Eclipse Bastard Sword,ดาบครึ่งมือสุริยุปราคาขุนศึก,catalog:swords.json,
Warlord Eclipse Longsword,Warlord Eclipse Longsword,ดาบยาวสุริยุปราคาขุนศึก,catalog:swords.json,
Warlord Elder Sabre,Warlord Elder Sabre,เซเบอร์พฤกษาโบราณขุนศึก,catalog:swords.json,
Warlord Elder Scimitar,Warlord Elder Scimitar,ดาบโค้งพฤกษาโบราณขุนศึก,catalog:swords.json,
Warlord Glacier Epee,Warlord Glacier Epee,ดาบเอเป้ธารน้ำแข็งขุนศึก,catalog:swords.json,
Warlord Glacier Rapier,Warlord Glacier Rapier,เรเปียร์ธารน้ำแข็งขุนศึก,catalog:swords.json,
Warlord Holy Shortsword,Warlord Holy Shortsword,ดาบสั้นศักดิ์สิทธิ์ขุนศึก,catalog:swords.json,
Warlord Nebula Tachi,Warlord Nebula Tachi,ทาจิเนบิวลาขุนศึก,catalog:swords.json,
Warlord Phoenix Zweihander,Warlord Phoenix Zweihander,ดาบสองมือฟีนิกซ์ขุนศึก,catalog:swords.json,
Warlord Tempest Cleaver,Warlord Tempest Cleaver,มีดโค่นพายุคลั่งขุนศึก,catalog:swords.json,
Worldbreaker Celestial Falchion,Worldbreaker Celestial Falchion,ดาบฟัลเชียนสรวงสวรรค์ทลายโลก,catalog:swords.json,
Worldbreaker Eclipse Dirk,Worldbreaker Eclipse Dirk,กริชยาวสุริยุปราคาทลายโลก,catalog:swords.json,
Worldbreaker Elder Katana,Worldbreaker Elder Katana,คาตานะพฤกษาโบราณทลายโลก,catalog:swords.json,
Worldbreaker Galaxy Claymore,Worldbreaker Galaxy Claymore,เคลย์มอร์กาแล็กซีทลายโลก,catalog:swords.json,
Worldbreaker Leviathan Khopesh,Worldbreaker Leviathan Khopesh,ดาบเคียวอสูรทะเลทลายโลก,catalog:swords.json,
Worldbreaker Phoenix Estoc,Worldbreaker Phoenix Estoc,ดาบแทงฟีนิกซ์ทลายโลก,catalog:swords.json,
Worldbreaker Stormwing Broadsword,Worldbreaker Stormwing Broadsword,ดาบกว้างปีกพายุทลายโลก,catalog:swords.json,
Abyssal Dragon Scythe,Abyssal Dragon Scythe,เคียวมังกรแห่งห้วงลึก,catalog:weapons.json,
Abyssal Eternal Bone Club,Abyssal Eternal Bone Club,กระบองกระดูกนิรันดร์แห่งห้วงลึก,catalog:weapons.json,
Abyssal Warlord Grimoire,Abyssal Warlord Grimoire,คัมภีร์เวทขุนศึกแห่งห้วงลึก,catalog:weapons.json,
Arashigami 嵐神,Arashigami 嵐神,คาตานะเทพวายุ,catalog:weapons.json,
Astral Banner,Astral Banner,ธงศึกดวงดาว,catalog:weapons.json,
Astral Flail,Astral Flail,ลูกตุ้มโซ่ดวงดาว,catalog:weapons.json,
Bent Anchor,Bent Anchor,สมอเรือบิดเบี้ยว,catalog:weapons.json,
Bent Greatsword,Bent Greatsword,ดาบใหญ่บิดเบี้ยว,catalog:weapons.json,
Bent Halberd,Bent Halberd,ง้าวยุโรปบิดเบี้ยว,catalog:weapons.json,
Bent Lollipop,Bent Lollipop,อมยิ้มยักษ์บิดเบี้ยว,catalog:weapons.json,
Bent Scythe,Bent Scythe,เคียวบิดเบี้ยว,catalog:weapons.json,
Bent Umbrella,Bent Umbrella,ร่มดาบบิดเบี้ยว,catalog:weapons.json,
Blaze Battleaxe,Blaze Battleaxe,ขวานศึกเปลวเพลิง,catalog:weapons.json,
Blaze Pickaxe,Blaze Pickaxe,จอบขุดเปลวเพลิง,catalog:weapons.json,
Bloom Lantern,Bloom Lantern,ตะเกียงวิญญาณบุปผา,catalog:weapons.json,
Breeze Lantern,Breeze Lantern,ตะเกียงวิญญาณสายลม,catalog:weapons.json,
Celestial Sovereign Banner,Celestial Sovereign Banner,ธงศึกจอมราชันย์แห่งสรวงสวรรค์,catalog:weapons.json,
Comet Banner,Comet Banner,ธงศึกดาวหาง,catalog:weapons.json,
Comet Staff,Comet Staff,คทาเวทดาวหาง,catalog:weapons.json,
Copper Bell,Copper Bell,ระฆังทองแดง,catalog:weapons.json,
Copper Grimoire,Copper Grimoire,คัมภีร์เวททองแดง,catalog:weapons.json,
Coral Chainsaw,Coral Chainsaw,เลื่อยยนต์ปะการัง,catalog:weapons.json,
Coral Lollipop,Coral Lollipop,อมยิ้มยักษ์ปะการัง,catalog:weapons.json,
Cyclone Bone Club,Cyclone Bone Club,กระบองกระดูกไซโคลน,catalog:weapons.json,
Cyclone Dragon Orb,Cyclone Dragon Orb,ลูกแก้วเวทมังกรแห่งไซโคลน,catalog:weapons.json,
Cyclone Dragon Trident,Cyclone Dragon Trident,สามง่ามมังกรแห่งไซโคลน,catalog:weapons.json,
Cyclone Gauntlets,Cyclone Gauntlets,สนับมือไซโคลน,catalog:weapons.json,
Cyclone Greatsword,Cyclone Greatsword,ดาบใหญ่ไซโคลน,catalog:weapons.json,
Dawn Halberd,Dawn Halberd,ง้าวยุโรปรุ่งอรุณ,catalog:weapons.json,
Dawn Wand,Dawn Wand,ไม้กายสิทธิ์รุ่งอรุณ,catalog:weapons.json,
Dusk Guitar,Dusk Guitar,กีตาร์ไฟฟ้าสนธยา,catalog:weapons.json,
Dusk Longbow,Dusk Longbow,ธนูยาวสนธยา,catalog:weapons.json,
Elder Worldbreaker Grimoire,Elder Worldbreaker Grimoire,คัมภีร์เวททลายโลกแห่งพฤกษาโบราณ,catalog:weapons.json,
Ember Greatsword,Ember Greatsword,ดาบใหญ่ถ่านคุ,catalog:weapons.json,
Frost Grimoire,Frost Grimoire,คัมภีร์เวทน้ำค้างแข็ง,catalog:weapons.json,
Gale Lollipop,Gale Lollipop,อมยิ้มยักษ์ลมกรรโชก,catalog:weapons.json,
Ginrei 銀嶺,Ginrei 銀嶺,คาตานะยอดเขาเงิน,catalog:weapons.json,
Gleam Drill,Gleam Drill,สว่านยักษ์ประกาย,catalog:weapons.json,
Hibana-maru 火花丸,Hibana-maru 火花丸,คาตานะประกายไฟ,catalog:weapons.json,
Holy Titan Pickaxe,Holy Titan Pickaxe,จอบขุดไททันแห่งศักดิ์สิทธิ์,catalog:weapons.json,
Ikazuchi-zume 雷爪,Ikazuchi-zume 雷爪,กรงเล็บสายฟ้า,catalog:weapons.json,
Inferno Guitar,Inferno Guitar,กีตาร์ไฟฟ้าไฟนรก,catalog:weapons.json,
Inferno Umbrella,Inferno Umbrella,ร่มดาบไฟนรก,catalog:weapons.json,
Inferno Warlord Flail,Inferno Warlord Flail,ลูกตุ้มโซ่ขุนศึกแห่งไฟนรก,catalog:weapons.json,
Iron Banner,Iron Banner,ธงศึกเหล็ก,catalog:weapons.json,
Iron Boomerang,Iron Boomerang,บูมเมอแรงเหล็ก,catalog:weapons.json,
Iron Drill,Iron Drill,สว่านยักษ์เหล็ก,catalog:weapons.json,
Iron Lance,Iron Lance,ทวนอัศวินเหล็ก,catalog:weapons.json,
Iron Staff,Iron Staff,คทาเวทเหล็ก,catalog:weapons.json,
Keiko Bokutō 稽古木刀,Keiko Bokutō 稽古木刀,ดาบไม้ฝึกหัด,catalog:weapons.json,
Kurogane Ono 黒鉄斧,Kurogane Ono 黒鉄斧,ขวานเหล็กดำ,catalog:weapons.json,
Lunar Mace,Lunar Mace,กระบองจันทรา,catalog:weapons.json,
Mizuchi Sōken 蛟双剣,Mizuchi Sōken 蛟双剣,ดาบคู่มังกรน้ำ,catalog:weapons.json,
Nebula Titan Halberd,Nebula Titan Halberd,ง้าวยุโรปไททันแห่งเนบิวลา,catalog:weapons.json,
Oak Flail,Oak Flail,ลูกตุ้มโซ่ไม้โอ๊ค,catalog:weapons.json,
Oak Longbow,Oak Longbow,ธนูยาวไม้โอ๊ค,catalog:weapons.json,
Oak War Fan,Oak War Fan,พัดศึกไม้โอ๊ค,catalog:weapons.json,
Old Bone Club,Old Bone Club,กระบองกระดูกเก่าแก่,catalog:weapons.json,
Old Guitar,Old Guitar,กีตาร์ไฟฟ้าเก่าแก่,catalog:weapons.json,
Old Pickaxe,Old Pickaxe,จอบขุดเก่าแก่,catalog:weapons.json,
Old Wand,Old Wand,ไม้กายสิทธิ์เก่าแก่,catalog:weapons.json,
Phantom Arm Cannon,Phantom Arm Cannon,ปืนใหญ่แขนภูตผี,catalog:weapons.json,
Phantom Boomerang,Phantom Boomerang,บูมเมอแรงภูตผี,catalog:weapons.json,
Phoenix Godslayer Staff,Phoenix Godslayer Staff,คทาเวทสังหารเทพแห่งฟีนิกซ์,catalog:weapons.json,
Phoenix Warlord Drill,Phoenix Warlord Drill,สว่านยักษ์ขุนศึกแห่งฟีนิกซ์,catalog:weapons.json,
Radiant Chakram,Radiant Chakram,จักรวงแหวนเจิดจรัส,catalog:weapons.json,
Radiant Mace,Radiant Mace,กระบองเจิดจรัส,catalog:weapons.json,
Raitei no Hoko 雷帝の鉾,Raitei no Hoko 雷帝の鉾,ทวนจักรพรรดิสายฟ้า,catalog:weapons.json,
Rusty Battleaxe,Rusty Battleaxe,ขวานศึกสนิมเขรอะ,catalog:weapons.json,
Rusty Gauntlets,Rusty Gauntlets,สนับมือสนิมเขรอะ,catalog:weapons.json,
Rusty Orb,Rusty Orb,ลูกแก้วเวทสนิมเขรอะ,catalog:weapons.json,
Rusty Warhammer,Rusty Warhammer,ค้อนศึกสนิมเขรอะ,catalog:weapons.json,
Shade Trident,Shade Trident,สามง่ามเงามืด,catalog:weapons.json,
Shuryū-tō 朱龍刀,Shuryū-tō 朱龍刀,ดาบมังกรสีชาด,catalog:weapons.json,
Shūen no Hoko 終焉の鉾,Shūen no Hoko 終焉の鉾,หอกแห่งจุดจบ,catalog:weapons.json,
Sprout Flail,Sprout Flail,ลูกตุ้มโซ่ต้นกล้า,catalog:weapons.json,
Sprout Scythe,Sprout Scythe,เคียวต้นกล้า,catalog:weapons.json,
Starfall Dragon Lantern,Starfall Dragon Lantern,ตะเกียงวิญญาณมังกรแห่งดาวตก,catalog:weapons.json,
Starfall Godslayer Gauntlets,Starfall Godslayer Gauntlets,สนับมือสังหารเทพแห่งดาวตก,catalog:weapons.json,
Static Warhammer,Static Warhammer,ค้อนศึกไฟฟ้าสถิต,catalog:weapons.json,
Static Whip,Static Whip,แส้ไฟฟ้าสถิต,catalog:weapons.json,
Stone Chainsaw,Stone Chainsaw,เลื่อยยนต์หิน,catalog:weapons.json,
Stone Chakram,Stone Chakram,จักรวงแหวนหิน,catalog:weapons.json,
Stone Lantern,Stone Lantern,ตะเกียงวิญญาณหิน,catalog:weapons.json,
Stone Trident,Stone Trident,สามง่ามหิน,catalog:weapons.json,
Storm Bell,Storm Bell,ระฆังพายุฟ้า,catalog:weapons.json,
Storm Warlord Mace,Storm Warlord Mace,กระบองขุนศึกแห่งพายุฟ้า,catalog:weapons.json,
Stormwing Worldbreaker Trident,Stormwing Worldbreaker Trident,สามง่ามทลายโลกแห่งปีกพายุ,catalog:weapons.json,
Tempest Warlord Whip,Tempest Warlord Whip,แส้ขุนศึกแห่งพายุคลั่ง,catalog:weapons.json,
Thorn Bone Club,Thorn Bone Club,กระบองกระดูกหนาม,catalog:weapons.json,
Thunder Anchor,Thunder Anchor,สมอเรือฟ้าร้อง,catalog:weapons.json,
Thunder Halberd,Thunder Halberd,ง้าวยุโรปฟ้าร้อง,catalog:weapons.json,
Thunderking Sovereign Lance,Thunderking Sovereign Lance,ทวนอัศวินจอมราชันย์แห่งราชาสายฟ้า,catalog:weapons.json,
Tidal Orb,Tidal Orb,ลูกแก้วเวทกระแสน้ำ,catalog:weapons.json,
Tidal Umbrella,Tidal Umbrella,ร่มดาบกระแสน้ำ,catalog:weapons.json,
Tsukikage Ōgama 月影大鎌,Tsukikage Ōgama 月影大鎌,เคียวยักษ์เงาจันทร์,catalog:weapons.json,
Umbral King's Banner,Umbral King's Banner,ธงศึกของราชาแห่งเงาทมิฬ,catalog:weapons.json,
Verdant Lance,Verdant Lance,ทวนอัศวินเขียวขจี,catalog:weapons.json,
Verdant Titan Lance,Verdant Titan Lance,ทวนอัศวินไททันแห่งเขียวขจี,catalog:weapons.json,
Void Worldbreaker Anchor,Void Worldbreaker Anchor,สมอเรือทลายโลกแห่งความว่างเปล่า,catalog:weapons.json,
Axe Shop,Axe Shop,ร้านขวาน,manual,manual
Blossom Ronin,Blossom Ronin,โรนินแห่งดอกไม้,manual,manual
Chest,Chest,หีบ,manual,manual
Chest Altar,Chest Altar,แท่นหีบ,manual,manual
Chop Arena · PvP,Chop Arena · PvP,สนามประลอง Chop · PvP,manual,manual
Forest Gate → {1},Forest Gate → {1},ประตูป่า → {1},manual,manual
Frost Warden,Frost Warden,ผู้คุมน้ำแข็ง,manual,manual
Frostfields,Frostfields,ทุ่งน้ำแข็ง,manual,manual
Giant,Giant,ยักษ์,manual,manual
Glowshroom Marsh,Glowshroom Marsh,บึงเห็ดเรืองแสง,manual,manual
Maple Colossus,Maple Colossus,ยักษ์เมเปิล,manual,manual
Maple Forest,Maple Forest,ป่าเมเปิล,manual,manual
Old Oakheart,Old Oakheart,ต้นโอ๊กชรา,manual,manual
Prism Titan,Prism Titan,ไททันปริซึม,manual,manual
Rot Gate • Defeat Boss to Unlock → {1},Rot Gate • Defeat Boss to Unlock → {1},ประตูความเน่า • ปราบบอสเพื่อปลดล็อก → {1},manual,manual
Rotbound Lumora,Rotbound Lumora,ลูมอราผู้ถูกพันธนาการ,manual,manual
Sakura Plains,Sakura Plains,ทุ่งซากุระ,manual,manual
Seed Shop,Seed Shop,ร้านเมล็ดพันธุ์,manual,manual
Sky Island,Sky Island,เกาะลอยฟ้า,manual,manual
Sky Isles,Sky Isles,เกาะลอยฟ้า,manual,manual
Sporemother,Sporemother,แม่สปอร์,manual,manual
Stormstalk,Stormstalk,ก้านพายุ,manual,manual
Sunlit Meadow,Sunlit Meadow,ทุ่งหญ้าแสงแดด,manual,manual
TOGGLE,TOGGLE,กดสลับ,manual,manual
Thunder Bamboo Forest,Thunder Bamboo Forest,ป่าไผ่สายฟ้า,manual,manual
Wood Shop,Wood Shop,ร้านไม้,manual,manual
Wood Shop · Sell,Wood Shop · Sell,ร้านไม้ · ขาย,manual,manual
Zone {1} · {2},Zone {1} · {2},โซน {1} · {2},manual,manual
{1} min,{1} min,{1} นาที,manual,manual
ไทย,ไทย,ไทย,manual,manual
